Sector,month,total_monthes,国内生产总值,第一产业,第三产业,第二产业
Computer software,9,1,176710.5,18087.5,86957.6,71665.3
Sales management,9,1,176710.5,18087.5,86957.6,71665.3
market/marketing,9,1,176710.5,18087.5,86957.6,71665.3
Sales,9,1,176710.5,18087.5,86957.6,71665.3
Computer hardware,9,1,176710.5,18087.5,86957.6,71665.3
Internet development and application,9,1,176710.5,18087.5,86957.6,71665.3
IT-Management,9,1,176710.5,18087.5,86957.6,71665.3
"IT-QM, technical support and more",9,1,176710.5,18087.5,86957.6,71665.3
Communications technology,9,1,176710.5,18087.5,86957.6,71665.3
Electronics/appliances/semiconductor/instrumentation,9,1,176710.5,18087.5,86957.6,71665.3
Finance/auditing/tax,9,1,176710.5,18087.5,86957.6,71665.3
Engineering/machinery/energy,9,1,176710.5,18087.5,86957.6,71665.3
HR,9,1,176710.5,18087.5,86957.6,71665.3
Senior management,9,1,176710.5,18087.5,86957.6,71665.3
Logistics/warehousing,9,1,176710.5,18087.5,86957.6,71665.3
Art/graphics/Animation design,9,1,176710.5,18087.5,86957.6,71665.3
Science & Technology,9,1,176710.5,18087.5,86957.6,71665.3
Legal profession/law,9,1,176710.5,18087.5,86957.6,71665.3
Education,9,1,176710.5,18087.5,86957.6,71665.3
Hospital/medical/care,9,1,176710.5,18087.5,86957.6,71665.3
Counsel/consulting,9,1,176710.5,18087.5,86957.6,71665.3
Transportation service,9,1,176710.5,18087.5,86957.6,71665.3
Translation,9,1,176710.5,18087.5,86957.6,71665.3
Construction/infrastructure/gardening,9,1,176710.5,18087.5,86957.6,71665.3
Office administration/logistics,9,1,176710.5,18087.5,86957.6,71665.3
Customer service and technical support,9,1,176710.5,18087.5,86957.6,71665.3
Securities/finance/investment,9,1,176710.5,18087.5,86957.6,71665.3
Insurance,9,1,176710.5,18087.5,86957.6,71665.3
Production/operation,9,1,176710.5,18087.5,86957.6,71665.3
QMS/safety/environmental protection,9,1,176710.5,18087.5,86957.6,71665.3
Technical work,9,1,176710.5,18087.5,86957.6,71665.3
Procurement,9,1,176710.5,18087.5,86957.6,71665.3
Trade,9,1,176710.5,18087.5,86957.6,71665.3
Biology/chemicals/pharmaceuticals/medical equipment,9,1,176710.5,18087.5,86957.6,71665.3
Advertising,9,1,176710.5,18087.5,86957.6,71665.3
PRs and news media,9,1,176710.5,18087.5,86957.6,71665.3
"Movies, TV and recreation",9,1,176710.5,18087.5,86957.6,71665.3
Literature/screenwriting/writing,9,1,176710.5,18087.5,86957.6,71665.3
Real property,9,1,176710.5,18087.5,86957.6,71665.3
Property management,9,1,176710.5,18087.5,86957.6,71665.3
Restaurants & recreation,9,1,176710.5,18087.5,86957.6,71665.3
Hotels/tourism,9,1,176710.5,18087.5,86957.6,71665.3
Beauty and personal care,9,1,176710.5,18087.5,86957.6,71665.3
General merchandise/chains/retail,9,1,176710.5,18087.5,86957.6,71665.3
Security/housekeeping/other,9,1,176710.5,18087.5,86957.6,71665.3
Graduates,9,1,176710.5,18087.5,86957.6,71665.3
Other,9,1,176710.5,18087.5,86957.6,71665.3
Computer software,10,2,192851.9,22517.5,91831.6,78502.9
Sales management,10,2,192851.9,22517.5,91831.6,78502.9
market/marketing,10,2,192851.9,22517.5,91831.6,78502.9
Sales,10,2,192851.9,22517.5,91831.6,78502.9
Computer hardware,10,2,192851.9,22517.5,91831.6,78502.9
Internet development and application,10,2,192851.9,22517.5,91831.6,78502.9
IT-Management,10,2,192851.9,22517.5,91831.6,78502.9
"IT-QM, technical support and more",10,2,192851.9,22517.5,91831.6,78502.9
Communications technology,10,2,192851.9,22517.5,91831.6,78502.9
Electronics/appliances/semiconductor/instrumentation,10,2,192851.9,22517.5,91831.6,78502.9
Finance/auditing/tax,10,2,192851.9,22517.5,91831.6,78502.9
Engineering/machinery/energy,10,2,192851.9,22517.5,91831.6,78502.9
HR,10,2,192851.9,22517.5,91831.6,78502.9
Senior management,10,2,192851.9,22517.5,91831.6,78502.9
Logistics/warehousing,10,2,192851.9,22517.5,91831.6,78502.9
Art/graphics/Animation design,10,2,192851.9,22517.5,91831.6,78502.9
Science & Technology,10,2,192851.9,22517.5,91831.6,78502.9
Education,10,2,192851.9,22517.5,91831.6,78502.9
Hospital/medical/care,10,2,192851.9,22517.5,91831.6,78502.9
Counsel/consulting,10,2,192851.9,22517.5,91831.6,78502.9
Transportation service,10,2,192851.9,22517.5,91831.6,78502.9
Translation,10,2,192851.9,22517.5,91831.6,78502.9
Construction/infrastructure/gardening,10,2,192851.9,22517.5,91831.6,78502.9
Office administration/logistics,10,2,192851.9,22517.5,91831.6,78502.9
Customer service and technical support,10,2,192851.9,22517.5,91831.6,78502.9
Securities/finance/investment,10,2,192851.9,22517.5,91831.6,78502.9
Insurance,10,2,192851.9,22517.5,91831.6,78502.9
Production/operation,10,2,192851.9,22517.5,91831.6,78502.9
QMS/safety/environmental protection,10,2,192851.9,22517.5,91831.6,78502.9
Technical work,10,2,192851.9,22517.5,91831.6,78502.9
Procurement,10,2,192851.9,22517.5,91831.6,78502.9
Trade,10,2,192851.9,22517.5,91831.6,78502.9
Biology/chemicals/pharmaceuticals/medical equipment,10,2,192851.9,22517.5,91831.6,78502.9
Advertising,10,2,192851.9,22517.5,91831.6,78502.9
"Movies, TV and recreation",10,2,192851.9,22517.5,91831.6,78502.9
Literature/screenwriting/writing,10,2,192851.9,22517.5,91831.6,78502.9
Real property,10,2,192851.9,22517.5,91831.6,78502.9
Property management,10,2,192851.9,22517.5,91831.6,78502.9
Restaurants & recreation,10,2,192851.9,22517.5,91831.6,78502.9
Hotels/tourism,10,2,192851.9,22517.5,91831.6,78502.9
Beauty and personal care,10,2,192851.9,22517.5,91831.6,78502.9
General merchandise/chains/retail,10,2,192851.9,22517.5,91831.6,78502.9
Security/housekeeping/other,10,2,192851.9,22517.5,91831.6,78502.9
Graduates,10,2,192851.9,22517.5,91831.6,78502.9
Other,10,2,192851.9,22517.5,91831.6,78502.9
Computer software,11,3,192851.9,22517.5,91831.6,78502.9
Sales management,11,3,192851.9,22517.5,91831.6,78502.9
market/marketing,11,3,192851.9,22517.5,91831.6,78502.9
Sales,11,3,192851.9,22517.5,91831.6,78502.9
Computer hardware,11,3,192851.9,22517.5,91831.6,78502.9
Internet development and application,11,3,192851.9,22517.5,91831.6,78502.9
IT-Management,11,3,192851.9,22517.5,91831.6,78502.9
"IT-QM, technical support and more",11,3,192851.9,22517.5,91831.6,78502.9
Communications technology,11,3,192851.9,22517.5,91831.6,78502.9
Electronics/appliances/semiconductor/instrumentation,11,3,192851.9,22517.5,91831.6,78502.9
Finance/auditing/tax,11,3,192851.9,22517.5,91831.6,78502.9
Engineering/machinery/energy,11,3,192851.9,22517.5,91831.6,78502.9
HR,11,3,192851.9,22517.5,91831.6,78502.9
Senior management,11,3,192851.9,22517.5,91831.6,78502.9
Logistics/warehousing,11,3,192851.9,22517.5,91831.6,78502.9
Art/graphics/Animation design,11,3,192851.9,22517.5,91831.6,78502.9
Science & Technology,11,3,192851.9,22517.5,91831.6,78502.9
Legal profession/law,11,3,192851.9,22517.5,91831.6,78502.9
Education,11,3,192851.9,22517.5,91831.6,78502.9
Hospital/medical/care,11,3,192851.9,22517.5,91831.6,78502.9
Counsel/consulting,11,3,192851.9,22517.5,91831.6,78502.9
Transportation service,11,3,192851.9,22517.5,91831.6,78502.9
Translation,11,3,192851.9,22517.5,91831.6,78502.9
Construction/infrastructure/gardening,11,3,192851.9,22517.5,91831.6,78502.9
Office administration/logistics,11,3,192851.9,22517.5,91831.6,78502.9
Customer service and technical support,11,3,192851.9,22517.5,91831.6,78502.9
Securities/finance/investment,11,3,192851.9,22517.5,91831.6,78502.9
Insurance,11,3,192851.9,22517.5,91831.6,78502.9
Production/operation,11,3,192851.9,22517.5,91831.6,78502.9
QMS/safety/environmental protection,11,3,192851.9,22517.5,91831.6,78502.9
Technical work,11,3,192851.9,22517.5,91831.6,78502.9
Fashion/textile/furs,11,3,192851.9,22517.5,91831.6,78502.9
Procurement,11,3,192851.9,22517.5,91831.6,78502.9
Trade,11,3,192851.9,22517.5,91831.6,78502.9
Biology/chemicals/pharmaceuticals/medical equipment,11,3,192851.9,22517.5,91831.6,78502.9
Advertising,11,3,192851.9,22517.5,91831.6,78502.9
"Movies, TV and recreation",11,3,192851.9,22517.5,91831.6,78502.9
Literature/screenwriting/writing,11,3,192851.9,22517.5,91831.6,78502.9
Real property,11,3,192851.9,22517.5,91831.6,78502.9
Property management,11,3,192851.9,22517.5,91831.6,78502.9
Restaurants & recreation,11,3,192851.9,22517.5,91831.6,78502.9
Hotels/tourism,11,3,192851.9,22517.5,91831.6,78502.9
Beauty and personal care,11,3,192851.9,22517.5,91831.6,78502.9
General merchandise/chains/retail,11,3,192851.9,22517.5,91831.6,78502.9
Security/housekeeping/other,11,3,192851.9,22517.5,91831.6,78502.9
Graduates,11,3,192851.9,22517.5,91831.6,78502.9
Other,11,3,192851.9,22517.5,91831.6,78502.9
Computer software,12,4,192851.9,22517.5,91831.6,78502.9
Sales management,12,4,192851.9,22517.5,91831.6,78502.9
market/marketing,12,4,192851.9,22517.5,91831.6,78502.9
Sales,12,4,192851.9,22517.5,91831.6,78502.9
Computer hardware,12,4,192851.9,22517.5,91831.6,78502.9
Internet development and application,12,4,192851.9,22517.5,91831.6,78502.9
IT-Management,12,4,192851.9,22517.5,91831.6,78502.9
"IT-QM, technical support and more",12,4,192851.9,22517.5,91831.6,78502.9
Communications technology,12,4,192851.9,22517.5,91831.6,78502.9
Electronics/appliances/semiconductor/instrumentation,12,4,192851.9,22517.5,91831.6,78502.9
Finance/auditing/tax,12,4,192851.9,22517.5,91831.6,78502.9
Engineering/machinery/energy,12,4,192851.9,22517.5,91831.6,78502.9
HR,12,4,192851.9,22517.5,91831.6,78502.9
Senior management,12,4,192851.9,22517.5,91831.6,78502.9
Logistics/warehousing,12,4,192851.9,22517.5,91831.6,78502.9
Art/graphics/Animation design,12,4,192851.9,22517.5,91831.6,78502.9
Science & Technology,12,4,192851.9,22517.5,91831.6,78502.9
Legal profession/law,12,4,192851.9,22517.5,91831.6,78502.9
Education,12,4,192851.9,22517.5,91831.6,78502.9
Hospital/medical/care,12,4,192851.9,22517.5,91831.6,78502.9
Counsel/consulting,12,4,192851.9,22517.5,91831.6,78502.9
Transportation service,12,4,192851.9,22517.5,91831.6,78502.9
Translation,12,4,192851.9,22517.5,91831.6,78502.9
Construction/infrastructure/gardening,12,4,192851.9,22517.5,91831.6,78502.9
Banking,12,4,192851.9,22517.5,91831.6,78502.9
Office administration/logistics,12,4,192851.9,22517.5,91831.6,78502.9
Customer service and technical support,12,4,192851.9,22517.5,91831.6,78502.9
Securities/finance/investment,12,4,192851.9,22517.5,91831.6,78502.9
Insurance,12,4,192851.9,22517.5,91831.6,78502.9
Production/operation,12,4,192851.9,22517.5,91831.6,78502.9
QMS/safety/environmental protection,12,4,192851.9,22517.5,91831.6,78502.9
Technical work,12,4,192851.9,22517.5,91831.6,78502.9
Fashion/textile/furs,12,4,192851.9,22517.5,91831.6,78502.9
Procurement,12,4,192851.9,22517.5,91831.6,78502.9
Trade,12,4,192851.9,22517.5,91831.6,78502.9
Biology/chemicals/pharmaceuticals/medical equipment,12,4,192851.9,22517.5,91831.6,78502.9
Advertising,12,4,192851.9,22517.5,91831.6,78502.9
"Movies, TV and recreation",12,4,192851.9,22517.5,91831.6,78502.9
Literature/screenwriting/writing,12,4,192851.9,22517.5,91831.6,78502.9
Real property,12,4,192851.9,22517.5,91831.6,78502.9
Property management,12,4,192851.9,22517.5,91831.6,78502.9
Restaurants & recreation,12,4,192851.9,22517.5,91831.6,78502.9
Hotels/tourism,12,4,192851.9,22517.5,91831.6,78502.9
Beauty and personal care,12,4,192851.9,22517.5,91831.6,78502.9
General merchandise/chains/retail,12,4,192851.9,22517.5,91831.6,78502.9
Security/housekeeping/other,12,4,192851.9,22517.5,91831.6,78502.9
Graduates,12,4,192851.9,22517.5,91831.6,78502.9
Other,12,4,192851.9,22517.5,91831.6,78502.9
Computer software,1,5,161456.3,8803.2,91268.1,61385.1
Sales management,1,5,161456.3,8803.2,91268.1,61385.1
market/marketing,1,5,161456.3,8803.2,91268.1,61385.1
Sales,1,5,161456.3,8803.2,91268.1,61385.1
Computer hardware,1,5,161456.3,8803.2,91268.1,61385.1
Internet development and application,1,5,161456.3,8803.2,91268.1,61385.1
"IT-QM, technical support and more",1,5,161456.3,8803.2,91268.1,61385.1
Electronics/appliances/semiconductor/instrumentation,1,5,161456.3,8803.2,91268.1,61385.1
Finance/auditing/tax,1,5,161456.3,8803.2,91268.1,61385.1
Engineering/machinery/energy,1,5,161456.3,8803.2,91268.1,61385.1
HR,1,5,161456.3,8803.2,91268.1,61385.1
Senior management,1,5,161456.3,8803.2,91268.1,61385.1
Logistics/warehousing,1,5,161456.3,8803.2,91268.1,61385.1
Art/graphics/Animation design,1,5,161456.3,8803.2,91268.1,61385.1
Legal profession/law,1,5,161456.3,8803.2,91268.1,61385.1
Hospital/medical/care,1,5,161456.3,8803.2,91268.1,61385.1
Counsel/consulting,1,5,161456.3,8803.2,91268.1,61385.1
Transportation service,1,5,161456.3,8803.2,91268.1,61385.1
Translation,1,5,161456.3,8803.2,91268.1,61385.1
Construction/infrastructure/gardening,1,5,161456.3,8803.2,91268.1,61385.1
Office administration/logistics,1,5,161456.3,8803.2,91268.1,61385.1
Customer service and technical support,1,5,161456.3,8803.2,91268.1,61385.1
Production/operation,1,5,161456.3,8803.2,91268.1,61385.1
QMS/safety/environmental protection,1,5,161456.3,8803.2,91268.1,61385.1
Technical work,1,5,161456.3,8803.2,91268.1,61385.1
Procurement,1,5,161456.3,8803.2,91268.1,61385.1
Trade,1,5,161456.3,8803.2,91268.1,61385.1
Biology/chemicals/pharmaceuticals/medical equipment,1,5,161456.3,8803.2,91268.1,61385.1
Advertising,1,5,161456.3,8803.2,91268.1,61385.1
Real property,1,5,161456.3,8803.2,91268.1,61385.1
Property management,1,5,161456.3,8803.2,91268.1,61385.1
Restaurants & recreation,1,5,161456.3,8803.2,91268.1,61385.1
Hotels/tourism,1,5,161456.3,8803.2,91268.1,61385.1
Beauty and personal care,1,5,161456.3,8803.2,91268.1,61385.1
General merchandise/chains/retail,1,5,161456.3,8803.2,91268.1,61385.1
Security/housekeeping/other,1,5,161456.3,8803.2,91268.1,61385.1
Graduates,1,5,161456.3,8803.2,91268.1,61385.1
Other,1,5,161456.3,8803.2,91268.1,61385.1
Computer software,2,6,161456.3,8803.2,91268.1,61385.1
Sales management,2,6,161456.3,8803.2,91268.1,61385.1
market/marketing,2,6,161456.3,8803.2,91268.1,61385.1
Sales,2,6,161456.3,8803.2,91268.1,61385.1
Computer hardware,2,6,161456.3,8803.2,91268.1,61385.1
Internet development and application,2,6,161456.3,8803.2,91268.1,61385.1
IT-Management,2,6,161456.3,8803.2,91268.1,61385.1
"IT-QM, technical support and more",2,6,161456.3,8803.2,91268.1,61385.1
Communications technology,2,6,161456.3,8803.2,91268.1,61385.1
Electronics/appliances/semiconductor/instrumentation,2,6,161456.3,8803.2,91268.1,61385.1
Finance/auditing/tax,2,6,161456.3,8803.2,91268.1,61385.1
Engineering/machinery/energy,2,6,161456.3,8803.2,91268.1,61385.1
HR,2,6,161456.3,8803.2,91268.1,61385.1
Senior management,2,6,161456.3,8803.2,91268.1,61385.1
Logistics/warehousing,2,6,161456.3,8803.2,91268.1,61385.1
Art/graphics/Animation design,2,6,161456.3,8803.2,91268.1,61385.1
Science & Technology,2,6,161456.3,8803.2,91268.1,61385.1
Legal profession/law,2,6,161456.3,8803.2,91268.1,61385.1
Education,2,6,161456.3,8803.2,91268.1,61385.1
Hospital/medical/care,2,6,161456.3,8803.2,91268.1,61385.1
Counsel/consulting,2,6,161456.3,8803.2,91268.1,61385.1
Transportation service,2,6,161456.3,8803.2,91268.1,61385.1
Construction/infrastructure/gardening,2,6,161456.3,8803.2,91268.1,61385.1
Banking,2,6,161456.3,8803.2,91268.1,61385.1
Office administration/logistics,2,6,161456.3,8803.2,91268.1,61385.1
Customer service and technical support,2,6,161456.3,8803.2,91268.1,61385.1
Securities/finance/investment,2,6,161456.3,8803.2,91268.1,61385.1
Insurance,2,6,161456.3,8803.2,91268.1,61385.1
Production/operation,2,6,161456.3,8803.2,91268.1,61385.1
QMS/safety/environmental protection,2,6,161456.3,8803.2,91268.1,61385.1
Technical work,2,6,161456.3,8803.2,91268.1,61385.1
Procurement,2,6,161456.3,8803.2,91268.1,61385.1
Trade,2,6,161456.3,8803.2,91268.1,61385.1
Biology/chemicals/pharmaceuticals/medical equipment,2,6,161456.3,8803.2,91268.1,61385.1
Advertising,2,6,161456.3,8803.2,91268.1,61385.1
PRs and news media,2,6,161456.3,8803.2,91268.1,61385.1
"Movies, TV and recreation",2,6,161456.3,8803.2,91268.1,61385.1
Literature/screenwriting/writing,2,6,161456.3,8803.2,91268.1,61385.1
Real property,2,6,161456.3,8803.2,91268.1,61385.1
Property management,2,6,161456.3,8803.2,91268.1,61385.1
Restaurants & recreation,2,6,161456.3,8803.2,91268.1,61385.1
Hotels/tourism,2,6,161456.3,8803.2,91268.1,61385.1
Beauty and personal care,2,6,161456.3,8803.2,91268.1,61385.1
General merchandise/chains/retail,2,6,161456.3,8803.2,91268.1,61385.1
Security/housekeeping/other,2,6,161456.3,8803.2,91268.1,61385.1
Graduates,2,6,161456.3,8803.2,91268.1,61385.1
Other,2,6,161456.3,8803.2,91268.1,61385.1
Computer software,3,7,161456.3,8803.2,91268.1,61385.1
Sales management,3,7,161456.3,8803.2,91268.1,61385.1
market/marketing,3,7,161456.3,8803.2,91268.1,61385.1
Sales,3,7,161456.3,8803.2,91268.1,61385.1
Computer hardware,3,7,161456.3,8803.2,91268.1,61385.1
Internet development and application,3,7,161456.3,8803.2,91268.1,61385.1
IT-Management,3,7,161456.3,8803.2,91268.1,61385.1
"IT-QM, technical support and more",3,7,161456.3,8803.2,91268.1,61385.1
Communications technology,3,7,161456.3,8803.2,91268.1,61385.1
Electronics/appliances/semiconductor/instrumentation,3,7,161456.3,8803.2,91268.1,61385.1
Finance/auditing/tax,3,7,161456.3,8803.2,91268.1,61385.1
Engineering/machinery/energy,3,7,161456.3,8803.2,91268.1,61385.1
HR,3,7,161456.3,8803.2,91268.1,61385.1
Senior management,3,7,161456.3,8803.2,91268.1,61385.1
Logistics/warehousing,3,7,161456.3,8803.2,91268.1,61385.1
Art/graphics/Animation design,3,7,161456.3,8803.2,91268.1,61385.1
Science & Technology,3,7,161456.3,8803.2,91268.1,61385.1
Legal profession/law,3,7,161456.3,8803.2,91268.1,61385.1
Education,3,7,161456.3,8803.2,91268.1,61385.1
Hospital/medical/care,3,7,161456.3,8803.2,91268.1,61385.1
Counsel/consulting,3,7,161456.3,8803.2,91268.1,61385.1
Transportation service,3,7,161456.3,8803.2,91268.1,61385.1
Translation,3,7,161456.3,8803.2,91268.1,61385.1
Construction/infrastructure/gardening,3,7,161456.3,8803.2,91268.1,61385.1
Banking,3,7,161456.3,8803.2,91268.1,61385.1
Office administration/logistics,3,7,161456.3,8803.2,91268.1,61385.1
Customer service and technical support,3,7,161456.3,8803.2,91268.1,61385.1
Securities/finance/investment,3,7,161456.3,8803.2,91268.1,61385.1
Insurance,3,7,161456.3,8803.2,91268.1,61385.1
Production/operation,3,7,161456.3,8803.2,91268.1,61385.1
QMS/safety/environmental protection,3,7,161456.3,8803.2,91268.1,61385.1
Technical work,3,7,161456.3,8803.2,91268.1,61385.1
Procurement,3,7,161456.3,8803.2,91268.1,61385.1
Trade,3,7,161456.3,8803.2,91268.1,61385.1
Biology/chemicals/pharmaceuticals/medical equipment,3,7,161456.3,8803.2,91268.1,61385.1
Advertising,3,7,161456.3,8803.2,91268.1,61385.1
PRs and news media,3,7,161456.3,8803.2,91268.1,61385.1
"Movies, TV and recreation",3,7,161456.3,8803.2,91268.1,61385.1
Literature/screenwriting/writing,3,7,161456.3,8803.2,91268.1,61385.1
Real property,3,7,161456.3,8803.2,91268.1,61385.1
Property management,3,7,161456.3,8803.2,91268.1,61385.1
Restaurants & recreation,3,7,161456.3,8803.2,91268.1,61385.1
Hotels/tourism,3,7,161456.3,8803.2,91268.1,61385.1
Beauty and personal care,3,7,161456.3,8803.2,91268.1,61385.1
General merchandise/chains/retail,3,7,161456.3,8803.2,91268.1,61385.1
Security/housekeeping/other,3,7,161456.3,8803.2,91268.1,61385.1
Graduates,3,7,161456.3,8803.2,91268.1,61385.1
Other,3,7,161456.3,8803.2,91268.1,61385.1
,4,8,180615.1,13294.1,93590.2,73730.7
Computer software,4,8,180615.1,13294.1,93590.2,73730.7
Sales management,4,8,180615.1,13294.1,93590.2,73730.7
market/marketing,4,8,180615.1,13294.1,93590.2,73730.7
Sales,4,8,180615.1,13294.1,93590.2,73730.7
Computer hardware,4,8,180615.1,13294.1,93590.2,73730.7
Internet development and application,4,8,180615.1,13294.1,93590.2,73730.7
IT-Management,4,8,180615.1,13294.1,93590.2,73730.7
"IT-QM, technical support and more",4,8,180615.1,13294.1,93590.2,73730.7
Communications technology,4,8,180615.1,13294.1,93590.2,73730.7
Electronics/appliances/semiconductor/instrumentation,4,8,180615.1,13294.1,93590.2,73730.7
Finance/auditing/tax,4,8,180615.1,13294.1,93590.2,73730.7
Engineering/machinery/energy,4,8,180615.1,13294.1,93590.2,73730.7
HR,4,8,180615.1,13294.1,93590.2,73730.7
Senior management,4,8,180615.1,13294.1,93590.2,73730.7
Logistics/warehousing,4,8,180615.1,13294.1,93590.2,73730.7
Art/graphics/Animation design,4,8,180615.1,13294.1,93590.2,73730.7
Science & Technology,4,8,180615.1,13294.1,93590.2,73730.7
Legal profession/law,4,8,180615.1,13294.1,93590.2,73730.7
Education,4,8,180615.1,13294.1,93590.2,73730.7
Hospital/medical/care,4,8,180615.1,13294.1,93590.2,73730.7
Counsel/consulting,4,8,180615.1,13294.1,93590.2,73730.7
Transportation service,4,8,180615.1,13294.1,93590.2,73730.7
Translation,4,8,180615.1,13294.1,93590.2,73730.7
Construction/infrastructure/gardening,4,8,180615.1,13294.1,93590.2,73730.7
Banking,4,8,180615.1,13294.1,93590.2,73730.7
Office administration/logistics,4,8,180615.1,13294.1,93590.2,73730.7
Customer service and technical support,4,8,180615.1,13294.1,93590.2,73730.7
Securities/finance/investment,4,8,180615.1,13294.1,93590.2,73730.7
Insurance,4,8,180615.1,13294.1,93590.2,73730.7
Production/operation,4,8,180615.1,13294.1,93590.2,73730.7
QMS/safety/environmental protection,4,8,180615.1,13294.1,93590.2,73730.7
Technical work,4,8,180615.1,13294.1,93590.2,73730.7
Procurement,4,8,180615.1,13294.1,93590.2,73730.7
Trade,4,8,180615.1,13294.1,93590.2,73730.7
Biology/chemicals/pharmaceuticals/medical equipment,4,8,180615.1,13294.1,93590.2,73730.7
Advertising,4,8,180615.1,13294.1,93590.2,73730.7
PRs and news media,4,8,180615.1,13294.1,93590.2,73730.7
"Movies, TV and recreation",4,8,180615.1,13294.1,93590.2,73730.7
Literature/screenwriting/writing,4,8,180615.1,13294.1,93590.2,73730.7
Real property,4,8,180615.1,13294.1,93590.2,73730.7
Property management,4,8,180615.1,13294.1,93590.2,73730.7
Restaurants & recreation,4,8,180615.1,13294.1,93590.2,73730.7
Hotels/tourism,4,8,180615.1,13294.1,93590.2,73730.7
Beauty and personal care,4,8,180615.1,13294.1,93590.2,73730.7
General merchandise/chains/retail,4,8,180615.1,13294.1,93590.2,73730.7
Security/housekeeping/other,4,8,180615.1,13294.1,93590.2,73730.7
Graduates,4,8,180615.1,13294.1,93590.2,73730.7
Other,4,8,180615.1,13294.1,93590.2,73730.7
,5,9,180615.1,13294.1,93590.2,73730.7
Computer software,5,9,180615.1,13294.1,93590.2,73730.7
Sales management,5,9,180615.1,13294.1,93590.2,73730.7
market/marketing,5,9,180615.1,13294.1,93590.2,73730.7
Sales,5,9,180615.1,13294.1,93590.2,73730.7
Computer hardware,5,9,180615.1,13294.1,93590.2,73730.7
Internet development and application,5,9,180615.1,13294.1,93590.2,73730.7
IT-Management,5,9,180615.1,13294.1,93590.2,73730.7
"IT-QM, technical support and more",5,9,180615.1,13294.1,93590.2,73730.7
Communications technology,5,9,180615.1,13294.1,93590.2,73730.7
Electronics/appliances/semiconductor/instrumentation,5,9,180615.1,13294.1,93590.2,73730.7
Finance/auditing/tax,5,9,180615.1,13294.1,93590.2,73730.7
Engineering/machinery/energy,5,9,180615.1,13294.1,93590.2,73730.7
HR,5,9,180615.1,13294.1,93590.2,73730.7
Senior management,5,9,180615.1,13294.1,93590.2,73730.7
Logistics/warehousing,5,9,180615.1,13294.1,93590.2,73730.7
Art/graphics/Animation design,5,9,180615.1,13294.1,93590.2,73730.7
Science & Technology,5,9,180615.1,13294.1,93590.2,73730.7
Legal profession/law,5,9,180615.1,13294.1,93590.2,73730.7
Education,5,9,180615.1,13294.1,93590.2,73730.7
Hospital/medical/care,5,9,180615.1,13294.1,93590.2,73730.7
Counsel/consulting,5,9,180615.1,13294.1,93590.2,73730.7
Transportation service,5,9,180615.1,13294.1,93590.2,73730.7
Translation,5,9,180615.1,13294.1,93590.2,73730.7
Construction/infrastructure/gardening,5,9,180615.1,13294.1,93590.2,73730.7
Office administration/logistics,5,9,180615.1,13294.1,93590.2,73730.7
Customer service and technical support,5,9,180615.1,13294.1,93590.2,73730.7
Securities/finance/investment,5,9,180615.1,13294.1,93590.2,73730.7
Insurance,5,9,180615.1,13294.1,93590.2,73730.7
Production/operation,5,9,180615.1,13294.1,93590.2,73730.7
QMS/safety/environmental protection,5,9,180615.1,13294.1,93590.2,73730.7
Technical work,5,9,180615.1,13294.1,93590.2,73730.7
Procurement,5,9,180615.1,13294.1,93590.2,73730.7
Trade,5,9,180615.1,13294.1,93590.2,73730.7
Biology/chemicals/pharmaceuticals/medical equipment,5,9,180615.1,13294.1,93590.2,73730.7
Advertising,5,9,180615.1,13294.1,93590.2,73730.7
PRs and news media,5,9,180615.1,13294.1,93590.2,73730.7
"Movies, TV and recreation",5,9,180615.1,13294.1,93590.2,73730.7
Literature/screenwriting/writing,5,9,180615.1,13294.1,93590.2,73730.7
Real property,5,9,180615.1,13294.1,93590.2,73730.7
Property management,5,9,180615.1,13294.1,93590.2,73730.7
Restaurants & recreation,5,9,180615.1,13294.1,93590.2,73730.7
Hotels/tourism,5,9,180615.1,13294.1,93590.2,73730.7
Beauty and personal care,5,9,180615.1,13294.1,93590.2,73730.7
General merchandise/chains/retail,5,9,180615.1,13294.1,93590.2,73730.7
Security/housekeeping/other,5,9,180615.1,13294.1,93590.2,73730.7
Graduates,5,9,180615.1,13294.1,93590.2,73730.7
Other,5,9,180615.1,13294.1,93590.2,73730.7
,6,10,180615.1,13294.1,93590.2,73730.7
Computer software,6,10,180615.1,13294.1,93590.2,73730.7
Sales management,6,10,180615.1,13294.1,93590.2,73730.7
market/marketing,6,10,180615.1,13294.1,93590.2,73730.7
Sales,6,10,180615.1,13294.1,93590.2,73730.7
Computer hardware,6,10,180615.1,13294.1,93590.2,73730.7
Internet development and application,6,10,180615.1,13294.1,93590.2,73730.7
IT-Management,6,10,180615.1,13294.1,93590.2,73730.7
"IT-QM, technical support and more",6,10,180615.1,13294.1,93590.2,73730.7
Communications technology,6,10,180615.1,13294.1,93590.2,73730.7
Electronics/appliances/semiconductor/instrumentation,6,10,180615.1,13294.1,93590.2,73730.7
Finance/auditing/tax,6,10,180615.1,13294.1,93590.2,73730.7
Engineering/machinery/energy,6,10,180615.1,13294.1,93590.2,73730.7
HR,6,10,180615.1,13294.1,93590.2,73730.7
Senior management,6,10,180615.1,13294.1,93590.2,73730.7
Logistics/warehousing,6,10,180615.1,13294.1,93590.2,73730.7
Art/graphics/Animation design,6,10,180615.1,13294.1,93590.2,73730.7
Science & Technology,6,10,180615.1,13294.1,93590.2,73730.7
Legal profession/law,6,10,180615.1,13294.1,93590.2,73730.7
Education,6,10,180615.1,13294.1,93590.2,73730.7
Hospital/medical/care,6,10,180615.1,13294.1,93590.2,73730.7
Counsel/consulting,6,10,180615.1,13294.1,93590.2,73730.7
Transportation service,6,10,180615.1,13294.1,93590.2,73730.7
Construction/infrastructure/gardening,6,10,180615.1,13294.1,93590.2,73730.7
Office administration/logistics,6,10,180615.1,13294.1,93590.2,73730.7
Customer service and technical support,6,10,180615.1,13294.1,93590.2,73730.7
Securities/finance/investment,6,10,180615.1,13294.1,93590.2,73730.7
Insurance,6,10,180615.1,13294.1,93590.2,73730.7
Production/operation,6,10,180615.1,13294.1,93590.2,73730.7
QMS/safety/environmental protection,6,10,180615.1,13294.1,93590.2,73730.7
Technical work,6,10,180615.1,13294.1,93590.2,73730.7
Fashion/textile/furs,6,10,180615.1,13294.1,93590.2,73730.7
Procurement,6,10,180615.1,13294.1,93590.2,73730.7
Trade,6,10,180615.1,13294.1,93590.2,73730.7
Biology/chemicals/pharmaceuticals/medical equipment,6,10,180615.1,13294.1,93590.2,73730.7
Advertising,6,10,180615.1,13294.1,93590.2,73730.7
PRs and news media,6,10,180615.1,13294.1,93590.2,73730.7
"Movies, TV and recreation",6,10,180615.1,13294.1,93590.2,73730.7
Literature/screenwriting/writing,6,10,180615.1,13294.1,93590.2,73730.7
Real property,6,10,180615.1,13294.1,93590.2,73730.7
Property management,6,10,180615.1,13294.1,93590.2,73730.7
Restaurants & recreation,6,10,180615.1,13294.1,93590.2,73730.7
Hotels/tourism,6,10,180615.1,13294.1,93590.2,73730.7
Beauty and personal care,6,10,180615.1,13294.1,93590.2,73730.7
General merchandise/chains/retail,6,10,180615.1,13294.1,93590.2,73730.7
Security/housekeeping/other,6,10,180615.1,13294.1,93590.2,73730.7
Graduates,6,10,180615.1,13294.1,93590.2,73730.7
Other,6,10,180615.1,13294.1,93590.2,73730.7
,7,11,190362.6,18569.8,96153.9,75639
Computer software,7,11,190362.6,18569.8,96153.9,75639
Sales management,7,11,190362.6,18569.8,96153.9,75639
market/marketing,7,11,190362.6,18569.8,96153.9,75639
Sales,7,11,190362.6,18569.8,96153.9,75639
Computer hardware,7,11,190362.6,18569.8,96153.9,75639
Internet development and application,7,11,190362.6,18569.8,96153.9,75639
IT-Management,7,11,190362.6,18569.8,96153.9,75639
"IT-QM, technical support and more",7,11,190362.6,18569.8,96153.9,75639
Communications technology,7,11,190362.6,18569.8,96153.9,75639
Electronics/appliances/semiconductor/instrumentation,7,11,190362.6,18569.8,96153.9,75639
Finance/auditing/tax,7,11,190362.6,18569.8,96153.9,75639
Engineering/machinery/energy,7,11,190362.6,18569.8,96153.9,75639
HR,7,11,190362.6,18569.8,96153.9,75639
Senior management,7,11,190362.6,18569.8,96153.9,75639
Logistics/warehousing,7,11,190362.6,18569.8,96153.9,75639
Art/graphics/Animation design,7,11,190362.6,18569.8,96153.9,75639
Legal profession/law,7,11,190362.6,18569.8,96153.9,75639
Education,7,11,190362.6,18569.8,96153.9,75639
Hospital/medical/care,7,11,190362.6,18569.8,96153.9,75639
Counsel/consulting,7,11,190362.6,18569.8,96153.9,75639
Transportation service,7,11,190362.6,18569.8,96153.9,75639
Translation,7,11,190362.6,18569.8,96153.9,75639
Construction/infrastructure/gardening,7,11,190362.6,18569.8,96153.9,75639
Banking,7,11,190362.6,18569.8,96153.9,75639
Office administration/logistics,7,11,190362.6,18569.8,96153.9,75639
Customer service and technical support,7,11,190362.6,18569.8,96153.9,75639
Securities/finance/investment,7,11,190362.6,18569.8,96153.9,75639
Insurance,7,11,190362.6,18569.8,96153.9,75639
Production/operation,7,11,190362.6,18569.8,96153.9,75639
QMS/safety/environmental protection,7,11,190362.6,18569.8,96153.9,75639
Technical work,7,11,190362.6,18569.8,96153.9,75639
Fashion/textile/furs,7,11,190362.6,18569.8,96153.9,75639
Procurement,7,11,190362.6,18569.8,96153.9,75639
Trade,7,11,190362.6,18569.8,96153.9,75639
Biology/chemicals/pharmaceuticals/medical equipment,7,11,190362.6,18569.8,96153.9,75639
Advertising,7,11,190362.6,18569.8,96153.9,75639
PRs and news media,7,11,190362.6,18569.8,96153.9,75639
"Movies, TV and recreation",7,11,190362.6,18569.8,96153.9,75639
Literature/screenwriting/writing,7,11,190362.6,18569.8,96153.9,75639
Real property,7,11,190362.6,18569.8,96153.9,75639
Property management,7,11,190362.6,18569.8,96153.9,75639
Restaurants & recreation,7,11,190362.6,18569.8,96153.9,75639
Hotels/tourism,7,11,190362.6,18569.8,96153.9,75639
Beauty and personal care,7,11,190362.6,18569.8,96153.9,75639
General merchandise/chains/retail,7,11,190362.6,18569.8,96153.9,75639
Security/housekeeping/other,7,11,190362.6,18569.8,96153.9,75639
Graduates,7,11,190362.6,18569.8,96153.9,75639
Other,7,11,190362.6,18569.8,96153.9,75639
,8,12,190362.6,18569.8,96153.9,75639
Computer software,8,12,190362.6,18569.8,96153.9,75639
Sales management,8,12,190362.6,18569.8,96153.9,75639
market/marketing,8,12,190362.6,18569.8,96153.9,75639
Sales,8,12,190362.6,18569.8,96153.9,75639
Computer hardware,8,12,190362.6,18569.8,96153.9,75639
Internet development and application,8,12,190362.6,18569.8,96153.9,75639
IT-Management,8,12,190362.6,18569.8,96153.9,75639
"IT-QM, technical support and more",8,12,190362.6,18569.8,96153.9,75639
Communications technology,8,12,190362.6,18569.8,96153.9,75639
Electronics/appliances/semiconductor/instrumentation,8,12,190362.6,18569.8,96153.9,75639
Finance/auditing/tax,8,12,190362.6,18569.8,96153.9,75639
Engineering/machinery/energy,8,12,190362.6,18569.8,96153.9,75639
HR,8,12,190362.6,18569.8,96153.9,75639
Senior management,8,12,190362.6,18569.8,96153.9,75639
Logistics/warehousing,8,12,190362.6,18569.8,96153.9,75639
Art/graphics/Animation design,8,12,190362.6,18569.8,96153.9,75639
Science & Technology,8,12,190362.6,18569.8,96153.9,75639
Education,8,12,190362.6,18569.8,96153.9,75639
Hospital/medical/care,8,12,190362.6,18569.8,96153.9,75639
Counsel/consulting,8,12,190362.6,18569.8,96153.9,75639
Transportation service,8,12,190362.6,18569.8,96153.9,75639
Construction/infrastructure/gardening,8,12,190362.6,18569.8,96153.9,75639
Banking,8,12,190362.6,18569.8,96153.9,75639
Office administration/logistics,8,12,190362.6,18569.8,96153.9,75639
Customer service and technical support,8,12,190362.6,18569.8,96153.9,75639
Securities/finance/investment,8,12,190362.6,18569.8,96153.9,75639
Insurance,8,12,190362.6,18569.8,96153.9,75639
Production/operation,8,12,190362.6,18569.8,96153.9,75639
QMS/safety/environmental protection,8,12,190362.6,18569.8,96153.9,75639
Technical work,8,12,190362.6,18569.8,96153.9,75639
Procurement,8,12,190362.6,18569.8,96153.9,75639
Trade,8,12,190362.6,18569.8,96153.9,75639
Biology/chemicals/pharmaceuticals/medical equipment,8,12,190362.6,18569.8,96153.9,75639
Advertising,8,12,190362.6,18569.8,96153.9,75639
PRs and news media,8,12,190362.6,18569.8,96153.9,75639
"Movies, TV and recreation",8,12,190362.6,18569.8,96153.9,75639
Literature/screenwriting/writing,8,12,190362.6,18569.8,96153.9,75639
Real property,8,12,190362.6,18569.8,96153.9,75639
Property management,8,12,190362.6,18569.8,96153.9,75639
Restaurants & recreation,8,12,190362.6,18569.8,96153.9,75639
Hotels/tourism,8,12,190362.6,18569.8,96153.9,75639
Beauty and personal care,8,12,190362.6,18569.8,96153.9,75639
General merchandise/chains/retail,8,12,190362.6,18569.8,96153.9,75639
Security/housekeeping/other,8,12,190362.6,18569.8,96153.9,75639
Graduates,8,12,190362.6,18569.8,96153.9,75639
Other,8,12,190362.6,18569.8,96153.9,75639
,9,13,190362.6,18569.8,96153.9,75639
Computer software,9,13,190362.6,18569.8,96153.9,75639
Sales management,9,13,190362.6,18569.8,96153.9,75639
market/marketing,9,13,190362.6,18569.8,96153.9,75639
Sales,9,13,190362.6,18569.8,96153.9,75639
Computer hardware,9,13,190362.6,18569.8,96153.9,75639
Internet development and application,9,13,190362.6,18569.8,96153.9,75639
IT-Management,9,13,190362.6,18569.8,96153.9,75639
"IT-QM, technical support and more",9,13,190362.6,18569.8,96153.9,75639
Communications technology,9,13,190362.6,18569.8,96153.9,75639
Electronics/appliances/semiconductor/instrumentation,9,13,190362.6,18569.8,96153.9,75639
Finance/auditing/tax,9,13,190362.6,18569.8,96153.9,75639
Engineering/machinery/energy,9,13,190362.6,18569.8,96153.9,75639
HR,9,13,190362.6,18569.8,96153.9,75639
Senior management,9,13,190362.6,18569.8,96153.9,75639
Logistics/warehousing,9,13,190362.6,18569.8,96153.9,75639
Art/graphics/Animation design,9,13,190362.6,18569.8,96153.9,75639
Science & Technology,9,13,190362.6,18569.8,96153.9,75639
Legal profession/law,9,13,190362.6,18569.8,96153.9,75639
Education,9,13,190362.6,18569.8,96153.9,75639
Hospital/medical/care,9,13,190362.6,18569.8,96153.9,75639
Counsel/consulting,9,13,190362.6,18569.8,96153.9,75639
Transportation service,9,13,190362.6,18569.8,96153.9,75639
Translation,9,13,190362.6,18569.8,96153.9,75639
Construction/infrastructure/gardening,9,13,190362.6,18569.8,96153.9,75639
Office administration/logistics,9,13,190362.6,18569.8,96153.9,75639
Customer service and technical support,9,13,190362.6,18569.8,96153.9,75639
Securities/finance/investment,9,13,190362.6,18569.8,96153.9,75639
Insurance,9,13,190362.6,18569.8,96153.9,75639
Production/operation,9,13,190362.6,18569.8,96153.9,75639
QMS/safety/environmental protection,9,13,190362.6,18569.8,96153.9,75639
Technical work,9,13,190362.6,18569.8,96153.9,75639
Fashion/textile/furs,9,13,190362.6,18569.8,96153.9,75639
Procurement,9,13,190362.6,18569.8,96153.9,75639
Trade,9,13,190362.6,18569.8,96153.9,75639
Biology/chemicals/pharmaceuticals/medical equipment,9,13,190362.6,18569.8,96153.9,75639
Advertising,9,13,190362.6,18569.8,96153.9,75639
PRs and news media,9,13,190362.6,18569.8,96153.9,75639
"Movies, TV and recreation",9,13,190362.6,18569.8,96153.9,75639
Literature/screenwriting/writing,9,13,190362.6,18569.8,96153.9,75639
Real property,9,13,190362.6,18569.8,96153.9,75639
Property management,9,13,190362.6,18569.8,96153.9,75639
Restaurants & recreation,9,13,190362.6,18569.8,96153.9,75639
Hotels/tourism,9,13,190362.6,18569.8,96153.9,75639
Beauty and personal care,9,13,190362.6,18569.8,96153.9,75639
General merchandise/chains/retail,9,13,190362.6,18569.8,96153.9,75639
Security/housekeeping/other,9,13,190362.6,18569.8,96153.9,75639
Graduates,9,13,190362.6,18569.8,96153.9,75639
Other,9,13,190362.6,18569.8,96153.9,75639
,10,14,211151.5,23005.7,102352.8,85792.9
Computer software,10,14,211151.5,23005.7,102352.8,85792.9
Sales management,10,14,211151.5,23005.7,102352.8,85792.9
market/marketing,10,14,211151.5,23005.7,102352.8,85792.9
Sales,10,14,211151.5,23005.7,102352.8,85792.9
Computer hardware,10,14,211151.5,23005.7,102352.8,85792.9
Internet development and application,10,14,211151.5,23005.7,102352.8,85792.9
IT-Management,10,14,211151.5,23005.7,102352.8,85792.9
"IT-QM, technical support and more",10,14,211151.5,23005.7,102352.8,85792.9
Communications technology,10,14,211151.5,23005.7,102352.8,85792.9
Electronics/appliances/semiconductor/instrumentation,10,14,211151.5,23005.7,102352.8,85792.9
Finance/auditing/tax,10,14,211151.5,23005.7,102352.8,85792.9
Engineering/machinery/energy,10,14,211151.5,23005.7,102352.8,85792.9
HR,10,14,211151.5,23005.7,102352.8,85792.9
Senior management,10,14,211151.5,23005.7,102352.8,85792.9
Logistics/warehousing,10,14,211151.5,23005.7,102352.8,85792.9
Art/graphics/Animation design,10,14,211151.5,23005.7,102352.8,85792.9
Science & Technology,10,14,211151.5,23005.7,102352.8,85792.9
Legal profession/law,10,14,211151.5,23005.7,102352.8,85792.9
Education,10,14,211151.5,23005.7,102352.8,85792.9
Hospital/medical/care,10,14,211151.5,23005.7,102352.8,85792.9
Counsel/consulting,10,14,211151.5,23005.7,102352.8,85792.9
Transportation service,10,14,211151.5,23005.7,102352.8,85792.9
Translation,10,14,211151.5,23005.7,102352.8,85792.9
Construction/infrastructure/gardening,10,14,211151.5,23005.7,102352.8,85792.9
Office administration/logistics,10,14,211151.5,23005.7,102352.8,85792.9
Customer service and technical support,10,14,211151.5,23005.7,102352.8,85792.9
Securities/finance/investment,10,14,211151.5,23005.7,102352.8,85792.9
Insurance,10,14,211151.5,23005.7,102352.8,85792.9
Production/operation,10,14,211151.5,23005.7,102352.8,85792.9
QMS/safety/environmental protection,10,14,211151.5,23005.7,102352.8,85792.9
Technical work,10,14,211151.5,23005.7,102352.8,85792.9
Procurement,10,14,211151.5,23005.7,102352.8,85792.9
Trade,10,14,211151.5,23005.7,102352.8,85792.9
Biology/chemicals/pharmaceuticals/medical equipment,10,14,211151.5,23005.7,102352.8,85792.9
Advertising,10,14,211151.5,23005.7,102352.8,85792.9
PRs and news media,10,14,211151.5,23005.7,102352.8,85792.9
"Movies, TV and recreation",10,14,211151.5,23005.7,102352.8,85792.9
Literature/screenwriting/writing,10,14,211151.5,23005.7,102352.8,85792.9
Real property,10,14,211151.5,23005.7,102352.8,85792.9
Property management,10,14,211151.5,23005.7,102352.8,85792.9
Restaurants & recreation,10,14,211151.5,23005.7,102352.8,85792.9
Hotels/tourism,10,14,211151.5,23005.7,102352.8,85792.9
Beauty and personal care,10,14,211151.5,23005.7,102352.8,85792.9
General merchandise/chains/retail,10,14,211151.5,23005.7,102352.8,85792.9
Security/housekeeping/other,10,14,211151.5,23005.7,102352.8,85792.9
Graduates,10,14,211151.5,23005.7,102352.8,85792.9
Other,10,14,211151.5,23005.7,102352.8,85792.9
,11,15,211151.5,23005.7,102352.8,85792.9
Computer software,11,15,211151.5,23005.7,102352.8,85792.9
Sales management,11,15,211151.5,23005.7,102352.8,85792.9
market/marketing,11,15,211151.5,23005.7,102352.8,85792.9
Sales,11,15,211151.5,23005.7,102352.8,85792.9
Computer hardware,11,15,211151.5,23005.7,102352.8,85792.9
Internet development and application,11,15,211151.5,23005.7,102352.8,85792.9
IT-Management,11,15,211151.5,23005.7,102352.8,85792.9
"IT-QM, technical support and more",11,15,211151.5,23005.7,102352.8,85792.9
Communications technology,11,15,211151.5,23005.7,102352.8,85792.9
Electronics/appliances/semiconductor/instrumentation,11,15,211151.5,23005.7,102352.8,85792.9
Finance/auditing/tax,11,15,211151.5,23005.7,102352.8,85792.9
Engineering/machinery/energy,11,15,211151.5,23005.7,102352.8,85792.9
HR,11,15,211151.5,23005.7,102352.8,85792.9
Senior management,11,15,211151.5,23005.7,102352.8,85792.9
Logistics/warehousing,11,15,211151.5,23005.7,102352.8,85792.9
Art/graphics/Animation design,11,15,211151.5,23005.7,102352.8,85792.9
Legal profession/law,11,15,211151.5,23005.7,102352.8,85792.9
Education,11,15,211151.5,23005.7,102352.8,85792.9
Hospital/medical/care,11,15,211151.5,23005.7,102352.8,85792.9
Counsel/consulting,11,15,211151.5,23005.7,102352.8,85792.9
Transportation service,11,15,211151.5,23005.7,102352.8,85792.9
Construction/infrastructure/gardening,11,15,211151.5,23005.7,102352.8,85792.9
Banking,11,15,211151.5,23005.7,102352.8,85792.9
Office administration/logistics,11,15,211151.5,23005.7,102352.8,85792.9
Customer service and technical support,11,15,211151.5,23005.7,102352.8,85792.9
Securities/finance/investment,11,15,211151.5,23005.7,102352.8,85792.9
Insurance,11,15,211151.5,23005.7,102352.8,85792.9
Production/operation,11,15,211151.5,23005.7,102352.8,85792.9
QMS/safety/environmental protection,11,15,211151.5,23005.7,102352.8,85792.9
Technical work,11,15,211151.5,23005.7,102352.8,85792.9
Procurement,11,15,211151.5,23005.7,102352.8,85792.9
Trade,11,15,211151.5,23005.7,102352.8,85792.9
Biology/chemicals/pharmaceuticals/medical equipment,11,15,211151.5,23005.7,102352.8,85792.9
Advertising,11,15,211151.5,23005.7,102352.8,85792.9
PRs and news media,11,15,211151.5,23005.7,102352.8,85792.9
"Movies, TV and recreation",11,15,211151.5,23005.7,102352.8,85792.9
Literature/screenwriting/writing,11,15,211151.5,23005.7,102352.8,85792.9
Real property,11,15,211151.5,23005.7,102352.8,85792.9
Property management,11,15,211151.5,23005.7,102352.8,85792.9
Restaurants & recreation,11,15,211151.5,23005.7,102352.8,85792.9
Hotels/tourism,11,15,211151.5,23005.7,102352.8,85792.9
Beauty and personal care,11,15,211151.5,23005.7,102352.8,85792.9
General merchandise/chains/retail,11,15,211151.5,23005.7,102352.8,85792.9
Security/housekeeping/other,11,15,211151.5,23005.7,102352.8,85792.9
Graduates,11,15,211151.5,23005.7,102352.8,85792.9
Other,11,15,211151.5,23005.7,102352.8,85792.9
,12,16,211151.5,23005.7,102352.8,85792.9
Computer software,12,16,211151.5,23005.7,102352.8,85792.9
Sales management,12,16,211151.5,23005.7,102352.8,85792.9
market/marketing,12,16,211151.5,23005.7,102352.8,85792.9
Sales,12,16,211151.5,23005.7,102352.8,85792.9
Computer hardware,12,16,211151.5,23005.7,102352.8,85792.9
Internet development and application,12,16,211151.5,23005.7,102352.8,85792.9
"IT-QM, technical support and more",12,16,211151.5,23005.7,102352.8,85792.9
Communications technology,12,16,211151.5,23005.7,102352.8,85792.9
Electronics/appliances/semiconductor/instrumentation,12,16,211151.5,23005.7,102352.8,85792.9
Finance/auditing/tax,12,16,211151.5,23005.7,102352.8,85792.9
Engineering/machinery/energy,12,16,211151.5,23005.7,102352.8,85792.9
HR,12,16,211151.5,23005.7,102352.8,85792.9
Senior management,12,16,211151.5,23005.7,102352.8,85792.9
Logistics/warehousing,12,16,211151.5,23005.7,102352.8,85792.9
Art/graphics/Animation design,12,16,211151.5,23005.7,102352.8,85792.9
Science & Technology,12,16,211151.5,23005.7,102352.8,85792.9
Legal profession/law,12,16,211151.5,23005.7,102352.8,85792.9
Education,12,16,211151.5,23005.7,102352.8,85792.9
Hospital/medical/care,12,16,211151.5,23005.7,102352.8,85792.9
Counsel/consulting,12,16,211151.5,23005.7,102352.8,85792.9
Transportation service,12,16,211151.5,23005.7,102352.8,85792.9
Construction/infrastructure/gardening,12,16,211151.5,23005.7,102352.8,85792.9
Office administration/logistics,12,16,211151.5,23005.7,102352.8,85792.9
Customer service and technical support,12,16,211151.5,23005.7,102352.8,85792.9
Securities/finance/investment,12,16,211151.5,23005.7,102352.8,85792.9
Production/operation,12,16,211151.5,23005.7,102352.8,85792.9
QMS/safety/environmental protection,12,16,211151.5,23005.7,102352.8,85792.9
Technical work,12,16,211151.5,23005.7,102352.8,85792.9
Fashion/textile/furs,12,16,211151.5,23005.7,102352.8,85792.9
Procurement,12,16,211151.5,23005.7,102352.8,85792.9
Biology/chemicals/pharmaceuticals/medical equipment,12,16,211151.5,23005.7,102352.8,85792.9
Advertising,12,16,211151.5,23005.7,102352.8,85792.9
PRs and news media,12,16,211151.5,23005.7,102352.8,85792.9
Literature/screenwriting/writing,12,16,211151.5,23005.7,102352.8,85792.9
Real property,12,16,211151.5,23005.7,102352.8,85792.9
Property management,12,16,211151.5,23005.7,102352.8,85792.9
Restaurants & recreation,12,16,211151.5,23005.7,102352.8,85792.9
Hotels/tourism,12,16,211151.5,23005.7,102352.8,85792.9
Beauty and personal care,12,16,211151.5,23005.7,102352.8,85792.9
General merchandise/chains/retail,12,16,211151.5,23005.7,102352.8,85792.9
Security/housekeeping/other,12,16,211151.5,23005.7,102352.8,85792.9
Graduates,12,16,211151.5,23005.7,102352.8,85792.9
Other,12,16,211151.5,23005.7,102352.8,85792.9
,1,17,180385.3,8654,101646.9,70084.4
Computer software,1,17,180385.3,8654,101646.9,70084.4
Sales management,1,17,180385.3,8654,101646.9,70084.4
market/marketing,1,17,180385.3,8654,101646.9,70084.4
Sales,1,17,180385.3,8654,101646.9,70084.4
Internet development and application,1,17,180385.3,8654,101646.9,70084.4
"IT-QM, technical support and more",1,17,180385.3,8654,101646.9,70084.4
Electronics/appliances/semiconductor/instrumentation,1,17,180385.3,8654,101646.9,70084.4
Finance/auditing/tax,1,17,180385.3,8654,101646.9,70084.4
Engineering/machinery/energy,1,17,180385.3,8654,101646.9,70084.4
HR,1,17,180385.3,8654,101646.9,70084.4
Senior management,1,17,180385.3,8654,101646.9,70084.4
Logistics/warehousing,1,17,180385.3,8654,101646.9,70084.4
Art/graphics/Animation design,1,17,180385.3,8654,101646.9,70084.4
Science & Technology,1,17,180385.3,8654,101646.9,70084.4
Legal profession/law,1,17,180385.3,8654,101646.9,70084.4
Education,1,17,180385.3,8654,101646.9,70084.4
Hospital/medical/care,1,17,180385.3,8654,101646.9,70084.4
Counsel/consulting,1,17,180385.3,8654,101646.9,70084.4
Transportation service,1,17,180385.3,8654,101646.9,70084.4
Translation,1,17,180385.3,8654,101646.9,70084.4
Construction/infrastructure/gardening,1,17,180385.3,8654,101646.9,70084.4
Office administration/logistics,1,17,180385.3,8654,101646.9,70084.4
Production/operation,1,17,180385.3,8654,101646.9,70084.4
QMS/safety/environmental protection,1,17,180385.3,8654,101646.9,70084.4
Technical work,1,17,180385.3,8654,101646.9,70084.4
Property management,1,17,180385.3,8654,101646.9,70084.4
Restaurants & recreation,1,17,180385.3,8654,101646.9,70084.4
Hotels/tourism,1,17,180385.3,8654,101646.9,70084.4
Beauty and personal care,1,17,180385.3,8654,101646.9,70084.4
Security/housekeeping/other,1,17,180385.3,8654,101646.9,70084.4
Graduates,1,17,180385.3,8654,101646.9,70084.4
Other,1,17,180385.3,8654,101646.9,70084.4
,2,18,180385.3,8654,101646.9,70084.4
Computer software,2,18,180385.3,8654,101646.9,70084.4
Sales management,2,18,180385.3,8654,101646.9,70084.4
market/marketing,2,18,180385.3,8654,101646.9,70084.4
Sales,2,18,180385.3,8654,101646.9,70084.4
Computer hardware,2,18,180385.3,8654,101646.9,70084.4
Internet development and application,2,18,180385.3,8654,101646.9,70084.4
IT-Management,2,18,180385.3,8654,101646.9,70084.4
"IT-QM, technical support and more",2,18,180385.3,8654,101646.9,70084.4
Communications technology,2,18,180385.3,8654,101646.9,70084.4
Electronics/appliances/semiconductor/instrumentation,2,18,180385.3,8654,101646.9,70084.4
Finance/auditing/tax,2,18,180385.3,8654,101646.9,70084.4
Engineering/machinery/energy,2,18,180385.3,8654,101646.9,70084.4
HR,2,18,180385.3,8654,101646.9,70084.4
Senior management,2,18,180385.3,8654,101646.9,70084.4
Logistics/warehousing,2,18,180385.3,8654,101646.9,70084.4
Art/graphics/Animation design,2,18,180385.3,8654,101646.9,70084.4
Science & Technology,2,18,180385.3,8654,101646.9,70084.4
Legal profession/law,2,18,180385.3,8654,101646.9,70084.4
Education,2,18,180385.3,8654,101646.9,70084.4
Hospital/medical/care,2,18,180385.3,8654,101646.9,70084.4
Counsel/consulting,2,18,180385.3,8654,101646.9,70084.4
Transportation service,2,18,180385.3,8654,101646.9,70084.4
Translation,2,18,180385.3,8654,101646.9,70084.4
Construction/infrastructure/gardening,2,18,180385.3,8654,101646.9,70084.4
Banking,2,18,180385.3,8654,101646.9,70084.4
Office administration/logistics,2,18,180385.3,8654,101646.9,70084.4
Customer service and technical support,2,18,180385.3,8654,101646.9,70084.4
Securities/finance/investment,2,18,180385.3,8654,101646.9,70084.4
Insurance,2,18,180385.3,8654,101646.9,70084.4
Production/operation,2,18,180385.3,8654,101646.9,70084.4
QMS/safety/environmental protection,2,18,180385.3,8654,101646.9,70084.4
Technical work,2,18,180385.3,8654,101646.9,70084.4
Fashion/textile/furs,2,18,180385.3,8654,101646.9,70084.4
Procurement,2,18,180385.3,8654,101646.9,70084.4
Trade,2,18,180385.3,8654,101646.9,70084.4
Biology/chemicals/pharmaceuticals/medical equipment,2,18,180385.3,8654,101646.9,70084.4
Advertising,2,18,180385.3,8654,101646.9,70084.4
PRs and news media,2,18,180385.3,8654,101646.9,70084.4
"Movies, TV and recreation",2,18,180385.3,8654,101646.9,70084.4
Literature/screenwriting/writing,2,18,180385.3,8654,101646.9,70084.4
Real property,2,18,180385.3,8654,101646.9,70084.4
Property management,2,18,180385.3,8654,101646.9,70084.4
Restaurants & recreation,2,18,180385.3,8654,101646.9,70084.4
Hotels/tourism,2,18,180385.3,8654,101646.9,70084.4
Beauty and personal care,2,18,180385.3,8654,101646.9,70084.4
General merchandise/chains/retail,2,18,180385.3,8654,101646.9,70084.4
Security/housekeeping/other,2,18,180385.3,8654,101646.9,70084.4
Graduates,2,18,180385.3,8654,101646.9,70084.4
Other,2,18,180385.3,8654,101646.9,70084.4
,3,19,180385.3,8654,101646.9,70084.4
Computer software,3,19,180385.3,8654,101646.9,70084.4
Sales management,3,19,180385.3,8654,101646.9,70084.4
market/marketing,3,19,180385.3,8654,101646.9,70084.4
Sales,3,19,180385.3,8654,101646.9,70084.4
Computer hardware,3,19,180385.3,8654,101646.9,70084.4
Internet development and application,3,19,180385.3,8654,101646.9,70084.4
IT-Management,3,19,180385.3,8654,101646.9,70084.4
"IT-QM, technical support and more",3,19,180385.3,8654,101646.9,70084.4
Communications technology,3,19,180385.3,8654,101646.9,70084.4
Electronics/appliances/semiconductor/instrumentation,3,19,180385.3,8654,101646.9,70084.4
Finance/auditing/tax,3,19,180385.3,8654,101646.9,70084.4
Engineering/machinery/energy,3,19,180385.3,8654,101646.9,70084.4
HR,3,19,180385.3,8654,101646.9,70084.4
Senior management,3,19,180385.3,8654,101646.9,70084.4
Logistics/warehousing,3,19,180385.3,8654,101646.9,70084.4
Art/graphics/Animation design,3,19,180385.3,8654,101646.9,70084.4
Science & Technology,3,19,180385.3,8654,101646.9,70084.4
Legal profession/law,3,19,180385.3,8654,101646.9,70084.4
Education,3,19,180385.3,8654,101646.9,70084.4
Hospital/medical/care,3,19,180385.3,8654,101646.9,70084.4
Counsel/consulting,3,19,180385.3,8654,101646.9,70084.4
Transportation service,3,19,180385.3,8654,101646.9,70084.4
Translation,3,19,180385.3,8654,101646.9,70084.4
Construction/infrastructure/gardening,3,19,180385.3,8654,101646.9,70084.4
Banking,3,19,180385.3,8654,101646.9,70084.4
Office administration/logistics,3,19,180385.3,8654,101646.9,70084.4
Customer service and technical support,3,19,180385.3,8654,101646.9,70084.4
Securities/finance/investment,3,19,180385.3,8654,101646.9,70084.4
Insurance,3,19,180385.3,8654,101646.9,70084.4
Production/operation,3,19,180385.3,8654,101646.9,70084.4
QMS/safety/environmental protection,3,19,180385.3,8654,101646.9,70084.4
Technical work,3,19,180385.3,8654,101646.9,70084.4
Procurement,3,19,180385.3,8654,101646.9,70084.4
Trade,3,19,180385.3,8654,101646.9,70084.4
Biology/chemicals/pharmaceuticals/medical equipment,3,19,180385.3,8654,101646.9,70084.4
Advertising,3,19,180385.3,8654,101646.9,70084.4
PRs and news media,3,19,180385.3,8654,101646.9,70084.4
"Movies, TV and recreation",3,19,180385.3,8654,101646.9,70084.4
Literature/screenwriting/writing,3,19,180385.3,8654,101646.9,70084.4
Real property,3,19,180385.3,8654,101646.9,70084.4
Property management,3,19,180385.3,8654,101646.9,70084.4
Restaurants & recreation,3,19,180385.3,8654,101646.9,70084.4
Hotels/tourism,3,19,180385.3,8654,101646.9,70084.4
Beauty and personal care,3,19,180385.3,8654,101646.9,70084.4
General merchandise/chains/retail,3,19,180385.3,8654,101646.9,70084.4
Security/housekeeping/other,3,19,180385.3,8654,101646.9,70084.4
Graduates,3,19,180385.3,8654,101646.9,70084.4
Other,3,19,180385.3,8654,101646.9,70084.4
,4,20,200558.7,13333,104097.2,83128.5
Computer software,4,20,200558.7,13333,104097.2,83128.5
Sales management,4,20,200558.7,13333,104097.2,83128.5
market/marketing,4,20,200558.7,13333,104097.2,83128.5
Sales,4,20,200558.7,13333,104097.2,83128.5
Computer hardware,4,20,200558.7,13333,104097.2,83128.5
Internet development and application,4,20,200558.7,13333,104097.2,83128.5
IT-Management,4,20,200558.7,13333,104097.2,83128.5
"IT-QM, technical support and more",4,20,200558.7,13333,104097.2,83128.5
Communications technology,4,20,200558.7,13333,104097.2,83128.5
Electronics/appliances/semiconductor/instrumentation,4,20,200558.7,13333,104097.2,83128.5
Finance/auditing/tax,4,20,200558.7,13333,104097.2,83128.5
Engineering/machinery/energy,4,20,200558.7,13333,104097.2,83128.5
HR,4,20,200558.7,13333,104097.2,83128.5
Senior management,4,20,200558.7,13333,104097.2,83128.5
Logistics/warehousing,4,20,200558.7,13333,104097.2,83128.5
Art/graphics/Animation design,4,20,200558.7,13333,104097.2,83128.5
Science & Technology,4,20,200558.7,13333,104097.2,83128.5
Legal profession/law,4,20,200558.7,13333,104097.2,83128.5
Education,4,20,200558.7,13333,104097.2,83128.5
Hospital/medical/care,4,20,200558.7,13333,104097.2,83128.5
Counsel/consulting,4,20,200558.7,13333,104097.2,83128.5
Transportation service,4,20,200558.7,13333,104097.2,83128.5
Translation,4,20,200558.7,13333,104097.2,83128.5
Construction/infrastructure/gardening,4,20,200558.7,13333,104097.2,83128.5
Office administration/logistics,4,20,200558.7,13333,104097.2,83128.5
Customer service and technical support,4,20,200558.7,13333,104097.2,83128.5
Securities/finance/investment,4,20,200558.7,13333,104097.2,83128.5
Insurance,4,20,200558.7,13333,104097.2,83128.5
Production/operation,4,20,200558.7,13333,104097.2,83128.5
QMS/safety/environmental protection,4,20,200558.7,13333,104097.2,83128.5
Technical work,4,20,200558.7,13333,104097.2,83128.5
Fashion/textile/furs,4,20,200558.7,13333,104097.2,83128.5
Procurement,4,20,200558.7,13333,104097.2,83128.5
Trade,4,20,200558.7,13333,104097.2,83128.5
Biology/chemicals/pharmaceuticals/medical equipment,4,20,200558.7,13333,104097.2,83128.5
Advertising,4,20,200558.7,13333,104097.2,83128.5
PRs and news media,4,20,200558.7,13333,104097.2,83128.5
"Movies, TV and recreation",4,20,200558.7,13333,104097.2,83128.5
Literature/screenwriting/writing,4,20,200558.7,13333,104097.2,83128.5
Real property,4,20,200558.7,13333,104097.2,83128.5
Property management,4,20,200558.7,13333,104097.2,83128.5
Restaurants & recreation,4,20,200558.7,13333,104097.2,83128.5
Hotels/tourism,4,20,200558.7,13333,104097.2,83128.5
Beauty and personal care,4,20,200558.7,13333,104097.2,83128.5
General merchandise/chains/retail,4,20,200558.7,13333,104097.2,83128.5
Security/housekeeping/other,4,20,200558.7,13333,104097.2,83128.5
Graduates,4,20,200558.7,13333,104097.2,83128.5
Other,4,20,200558.7,13333,104097.2,83128.5
,5,21,200558.7,13333,104097.2,83128.5
Computer software,5,21,200558.7,13333,104097.2,83128.5
Sales management,5,21,200558.7,13333,104097.2,83128.5
market/marketing,5,21,200558.7,13333,104097.2,83128.5
Sales,5,21,200558.7,13333,104097.2,83128.5
Computer hardware,5,21,200558.7,13333,104097.2,83128.5
Internet development and application,5,21,200558.7,13333,104097.2,83128.5
IT-Management,5,21,200558.7,13333,104097.2,83128.5
"IT-QM, technical support and more",5,21,200558.7,13333,104097.2,83128.5
Communications technology,5,21,200558.7,13333,104097.2,83128.5
Electronics/appliances/semiconductor/instrumentation,5,21,200558.7,13333,104097.2,83128.5
Finance/auditing/tax,5,21,200558.7,13333,104097.2,83128.5
Engineering/machinery/energy,5,21,200558.7,13333,104097.2,83128.5
HR,5,21,200558.7,13333,104097.2,83128.5
Senior management,5,21,200558.7,13333,104097.2,83128.5
Logistics/warehousing,5,21,200558.7,13333,104097.2,83128.5
Art/graphics/Animation design,5,21,200558.7,13333,104097.2,83128.5
Science & Technology,5,21,200558.7,13333,104097.2,83128.5
Legal profession/law,5,21,200558.7,13333,104097.2,83128.5
Education,5,21,200558.7,13333,104097.2,83128.5
Hospital/medical/care,5,21,200558.7,13333,104097.2,83128.5
Counsel/consulting,5,21,200558.7,13333,104097.2,83128.5
Transportation service,5,21,200558.7,13333,104097.2,83128.5
Translation,5,21,200558.7,13333,104097.2,83128.5
Construction/infrastructure/gardening,5,21,200558.7,13333,104097.2,83128.5
Banking,5,21,200558.7,13333,104097.2,83128.5
Office administration/logistics,5,21,200558.7,13333,104097.2,83128.5
Customer service and technical support,5,21,200558.7,13333,104097.2,83128.5
Securities/finance/investment,5,21,200558.7,13333,104097.2,83128.5
Insurance,5,21,200558.7,13333,104097.2,83128.5
Production/operation,5,21,200558.7,13333,104097.2,83128.5
QMS/safety/environmental protection,5,21,200558.7,13333,104097.2,83128.5
Technical work,5,21,200558.7,13333,104097.2,83128.5
Procurement,5,21,200558.7,13333,104097.2,83128.5
Trade,5,21,200558.7,13333,104097.2,83128.5
Biology/chemicals/pharmaceuticals/medical equipment,5,21,200558.7,13333,104097.2,83128.5
Advertising,5,21,200558.7,13333,104097.2,83128.5
PRs and news media,5,21,200558.7,13333,104097.2,83128.5
"Movies, TV and recreation",5,21,200558.7,13333,104097.2,83128.5
Literature/screenwriting/writing,5,21,200558.7,13333,104097.2,83128.5
Real property,5,21,200558.7,13333,104097.2,83128.5
Property management,5,21,200558.7,13333,104097.2,83128.5
Restaurants & recreation,5,21,200558.7,13333,104097.2,83128.5
Hotels/tourism,5,21,200558.7,13333,104097.2,83128.5
Beauty and personal care,5,21,200558.7,13333,104097.2,83128.5
General merchandise/chains/retail,5,21,200558.7,13333,104097.2,83128.5
Security/housekeeping/other,5,21,200558.7,13333,104097.2,83128.5
Graduates,5,21,200558.7,13333,104097.2,83128.5
Other,5,21,200558.7,13333,104097.2,83128.5
,6,22,200558.7,13333,104097.2,83128.5
Computer software,6,22,200558.7,13333,104097.2,83128.5
Sales management,6,22,200558.7,13333,104097.2,83128.5
market/marketing,6,22,200558.7,13333,104097.2,83128.5
Sales,6,22,200558.7,13333,104097.2,83128.5
Computer hardware,6,22,200558.7,13333,104097.2,83128.5
Internet development and application,6,22,200558.7,13333,104097.2,83128.5
IT-Management,6,22,200558.7,13333,104097.2,83128.5
"IT-QM, technical support and more",6,22,200558.7,13333,104097.2,83128.5
Communications technology,6,22,200558.7,13333,104097.2,83128.5
Electronics/appliances/semiconductor/instrumentation,6,22,200558.7,13333,104097.2,83128.5
Finance/auditing/tax,6,22,200558.7,13333,104097.2,83128.5
Engineering/machinery/energy,6,22,200558.7,13333,104097.2,83128.5
HR,6,22,200558.7,13333,104097.2,83128.5
Senior management,6,22,200558.7,13333,104097.2,83128.5
Logistics/warehousing,6,22,200558.7,13333,104097.2,83128.5
Art/graphics/Animation design,6,22,200558.7,13333,104097.2,83128.5
Science & Technology,6,22,200558.7,13333,104097.2,83128.5
Legal profession/law,6,22,200558.7,13333,104097.2,83128.5
Education,6,22,200558.7,13333,104097.2,83128.5
Hospital/medical/care,6,22,200558.7,13333,104097.2,83128.5
,9,25,211595.5,19242.1,107120.5,85233
Advertising,9,25,211595.5,19242.1,107120.5,85233
Art/graphics/Animation design,9,25,211595.5,19242.1,107120.5,85233
Communications technology,9,25,211595.5,19242.1,107120.5,85233
Computer hardware,9,25,211595.5,19242.1,107120.5,85233
Computer software,9,25,211595.5,19242.1,107120.5,85233
Construction/infrastructure/gardening,9,25,211595.5,19242.1,107120.5,85233
Counsel/consulting,9,25,211595.5,19242.1,107120.5,85233
Customer service and technical support,9,25,211595.5,19242.1,107120.5,85233
Education,9,25,211595.5,19242.1,107120.5,85233
Electronics/appliances/semiconductor/instrumentation,9,25,211595.5,19242.1,107120.5,85233
Engineering/machinery/energy,9,25,211595.5,19242.1,107120.5,85233
Finance/auditing/tax,9,25,211595.5,19242.1,107120.5,85233
Graduates,9,25,211595.5,19242.1,107120.5,85233
HR,9,25,211595.5,19242.1,107120.5,85233
Hospital/medical/care,9,25,211595.5,19242.1,107120.5,85233
IT-Management,9,25,211595.5,19242.1,107120.5,85233
"IT-QM, technical support and more",9,25,211595.5,19242.1,107120.5,85233
Insurance,9,25,211595.5,19242.1,107120.5,85233
Internet development and application,9,25,211595.5,19242.1,107120.5,85233
Legal profession/law,9,25,211595.5,19242.1,107120.5,85233
Literature/screenwriting/writing,9,25,211595.5,19242.1,107120.5,85233
"Movies, TV and recreation",9,25,211595.5,19242.1,107120.5,85233
PRs and news media,9,25,211595.5,19242.1,107120.5,85233
Procurement,9,25,211595.5,19242.1,107120.5,85233
Property management,9,25,211595.5,19242.1,107120.5,85233
Real property,9,25,211595.5,19242.1,107120.5,85233
Securities/finance/investment,9,25,211595.5,19242.1,107120.5,85233
Senior management,9,25,211595.5,19242.1,107120.5,85233
Trade,9,25,211595.5,19242.1,107120.5,85233
Translation,9,25,211595.5,19242.1,107120.5,85233
Banking,9,25,211595.5,19242.1,107120.5,85233
General merchandise/chains/retail,9,25,211595.5,19242.1,107120.5,85233
Hotels/tourism,9,25,211595.5,19242.1,107120.5,85233
QMS/safety/environmental protection,9,25,211595.5,19242.1,107120.5,85233
Sales management,9,25,211595.5,19242.1,107120.5,85233
Biology/chemicals/pharmaceuticals/medical equipment,9,25,211595.5,19242.1,107120.5,85233
Restaurants & recreation,9,25,211595.5,19242.1,107120.5,85233
Security/housekeeping/other,9,25,211595.5,19242.1,107120.5,85233
Beauty and personal care,9,25,211595.5,19242.1,107120.5,85233
Logistics/warehousing,9,25,211595.5,19242.1,107120.5,85233
Sales,9,25,211595.5,19242.1,107120.5,85233
market/marketing,9,25,211595.5,19242.1,107120.5,85233
Transportation service,9,25,211595.5,19242.1,107120.5,85233
Technical work,9,25,211595.5,19242.1,107120.5,85233
Production/operation,9,25,211595.5,19242.1,107120.5,85233
Other,9,25,211595.5,19242.1,107120.5,85233
Office administration/logistics,9,25,211595.5,19242.1,107120.5,85233
Science & Technology,9,25,211595.5,19242.1,107120.5,85233
,10,26,234582.2,24238.5,114166.9,96176.7
Advertising,10,26,234582.2,24238.5,114166.9,96176.7
Banking,10,26,234582.2,24238.5,114166.9,96176.7
Communications technology,10,26,234582.2,24238.5,114166.9,96176.7
Customer service and technical support,10,26,234582.2,24238.5,114166.9,96176.7
Fashion/textile/furs,10,26,234582.2,24238.5,114166.9,96176.7
"IT-QM, technical support and more",10,26,234582.2,24238.5,114166.9,96176.7
Insurance,10,26,234582.2,24238.5,114166.9,96176.7
Literature/screenwriting/writing,10,26,234582.2,24238.5,114166.9,96176.7
"Movies, TV and recreation",10,26,234582.2,24238.5,114166.9,96176.7
PRs and news media,10,26,234582.2,24238.5,114166.9,96176.7
QMS/safety/environmental protection,10,26,234582.2,24238.5,114166.9,96176.7
Real property,10,26,234582.2,24238.5,114166.9,96176.7
Sales management,10,26,234582.2,24238.5,114166.9,96176.7
Trade,10,26,234582.2,24238.5,114166.9,96176.7
Translation,10,26,234582.2,24238.5,114166.9,96176.7
market/marketing,10,26,234582.2,24238.5,114166.9,96176.7
Property management,10,26,234582.2,24238.5,114166.9,96176.7
General merchandise/chains/retail,10,26,234582.2,24238.5,114166.9,96176.7
Hotels/tourism,10,26,234582.2,24238.5,114166.9,96176.7
Security/housekeeping/other,10,26,234582.2,24238.5,114166.9,96176.7
Transportation service,10,26,234582.2,24238.5,114166.9,96176.7
Sales,10,26,234582.2,24238.5,114166.9,96176.7
Restaurants & recreation,10,26,234582.2,24238.5,114166.9,96176.7
Logistics/warehousing,10,26,234582.2,24238.5,114166.9,96176.7
Beauty and personal care,10,26,234582.2,24238.5,114166.9,96176.7
Technical work,10,26,234582.2,24238.5,114166.9,96176.7
Computer hardware,10,26,234582.2,24238.5,114166.9,96176.7
Finance/auditing/tax,10,26,234582.2,24238.5,114166.9,96176.7
Graduates,10,26,234582.2,24238.5,114166.9,96176.7
HR,10,26,234582.2,24238.5,114166.9,96176.7
IT-Management,10,26,234582.2,24238.5,114166.9,96176.7
Securities/finance/investment,10,26,234582.2,24238.5,114166.9,96176.7
Senior management,10,26,234582.2,24238.5,114166.9,96176.7
Construction/infrastructure/gardening,10,26,234582.2,24238.5,114166.9,96176.7
Counsel/consulting,10,26,234582.2,24238.5,114166.9,96176.7
Legal profession/law,10,26,234582.2,24238.5,114166.9,96176.7
Production/operation,10,26,234582.2,24238.5,114166.9,96176.7
Office administration/logistics,10,26,234582.2,24238.5,114166.9,96176.7
Procurement,10,26,234582.2,24238.5,114166.9,96176.7
Computer software,10,26,234582.2,24238.5,114166.9,96176.7
Art/graphics/Animation design,10,26,234582.2,24238.5,114166.9,96176.7
Electronics/appliances/semiconductor/instrumentation,10,26,234582.2,24238.5,114166.9,96176.7
,11,27,234582.2,24238.5,114166.9,96176.7
Advertising,11,27,234582.2,24238.5,114166.9,96176.7
Art/graphics/Animation design,11,27,234582.2,24238.5,114166.9,96176.7
Banking,11,27,234582.2,24238.5,114166.9,96176.7
Beauty and personal care,11,27,234582.2,24238.5,114166.9,96176.7
Computer hardware,11,27,234582.2,24238.5,114166.9,96176.7
Computer software,11,27,234582.2,24238.5,114166.9,96176.7
Counsel/consulting,11,27,234582.2,24238.5,114166.9,96176.7
Customer service and technical support,11,27,234582.2,24238.5,114166.9,96176.7
Education,11,27,234582.2,24238.5,114166.9,96176.7
Engineering/machinery/energy,11,27,234582.2,24238.5,114166.9,96176.7
Fashion/textile/furs,11,27,234582.2,24238.5,114166.9,96176.7
Finance/auditing/tax,11,27,234582.2,24238.5,114166.9,96176.7
Graduates,11,27,234582.2,24238.5,114166.9,96176.7
HR,11,27,234582.2,24238.5,114166.9,96176.7
Hospital/medical/care,11,27,234582.2,24238.5,114166.9,96176.7
IT-Management,11,27,234582.2,24238.5,114166.9,96176.7
"IT-QM, technical support and more",11,27,234582.2,24238.5,114166.9,96176.7
Insurance,11,27,234582.2,24238.5,114166.9,96176.7
Internet development and application,11,27,234582.2,24238.5,114166.9,96176.7
Legal profession/law,11,27,234582.2,24238.5,114166.9,96176.7
Literature/screenwriting/writing,11,27,234582.2,24238.5,114166.9,96176.7
"Movies, TV and recreation",11,27,234582.2,24238.5,114166.9,96176.7
PRs and news media,11,27,234582.2,24238.5,114166.9,96176.7
Procurement,11,27,234582.2,24238.5,114166.9,96176.7
Production/operation,11,27,234582.2,24238.5,114166.9,96176.7
QMS/safety/environmental protection,11,27,234582.2,24238.5,114166.9,96176.7
Real property,11,27,234582.2,24238.5,114166.9,96176.7
Sales management,11,27,234582.2,24238.5,114166.9,96176.7
Science & Technology,11,27,234582.2,24238.5,114166.9,96176.7
Securities/finance/investment,11,27,234582.2,24238.5,114166.9,96176.7
Security/housekeeping/other,11,27,234582.2,24238.5,114166.9,96176.7
Senior management,11,27,234582.2,24238.5,114166.9,96176.7
Trade,11,27,234582.2,24238.5,114166.9,96176.7
Translation,11,27,234582.2,24238.5,114166.9,96176.7
Transportation service,11,27,234582.2,24238.5,114166.9,96176.7
market/marketing,11,27,234582.2,24238.5,114166.9,96176.7
Electronics/appliances/semiconductor/instrumentation,11,27,234582.2,24238.5,114166.9,96176.7
General merchandise/chains/retail,11,27,234582.2,24238.5,114166.9,96176.7
Hotels/tourism,11,27,234582.2,24238.5,114166.9,96176.7
Logistics/warehousing,11,27,234582.2,24238.5,114166.9,96176.7
Office administration/logistics,11,27,234582.2,24238.5,114166.9,96176.7
Property management,11,27,234582.2,24238.5,114166.9,96176.7
Sales,11,27,234582.2,24238.5,114166.9,96176.7
Construction/infrastructure/gardening,11,27,234582.2,24238.5,114166.9,96176.7
Restaurants & recreation,11,27,234582.2,24238.5,114166.9,96176.7
Other,11,27,234582.2,24238.5,114166.9,96176.7
Technical work,11,27,234582.2,24238.5,114166.9,96176.7
Biology/chemicals/pharmaceuticals/medical equipment,11,27,234582.2,24238.5,114166.9,96176.7
Internet development and application,10,26,234582.2,24238.5,114166.9,96176.7
Engineering/machinery/energy,10,26,234582.2,24238.5,114166.9,96176.7
Other,10,26,234582.2,24238.5,114166.9,96176.7
Science & Technology,10,26,234582.2,24238.5,114166.9,96176.7
Biology/chemicals/pharmaceuticals/medical equipment,10,26,234582.2,24238.5,114166.9,96176.7
Hospital/medical/care,10,26,234582.2,24238.5,114166.9,96176.7
Education,10,26,234582.2,24238.5,114166.9,96176.7
Advertising,3,31,198783,8904,112428,77451
Art/graphics/Animation design,3,31,198783,8904,112428,77451
Banking,3,31,198783,8904,112428,77451
Communications technology,3,31,198783,8904,112428,77451
Computer hardware,3,31,198783,8904,112428,77451
Computer software,3,31,198783,8904,112428,77451
Education,3,31,198783,8904,112428,77451
Finance/auditing/tax,3,31,198783,8904,112428,77451
General merchandise/chains/retail,3,31,198783,8904,112428,77451
Graduates,3,31,198783,8904,112428,77451
HR,3,31,198783,8904,112428,77451
IT-Management,3,31,198783,8904,112428,77451
"IT-QM, technical support and more",3,31,198783,8904,112428,77451
Insurance,3,31,198783,8904,112428,77451
Internet development and application,3,31,198783,8904,112428,77451
Legal profession/law,3,31,198783,8904,112428,77451
Literature/screenwriting/writing,3,31,198783,8904,112428,77451
"Movies, TV and recreation",3,31,198783,8904,112428,77451
PRs and news media,3,31,198783,8904,112428,77451
Procurement,3,31,198783,8904,112428,77451
Real property,3,31,198783,8904,112428,77451
Securities/finance/investment,3,31,198783,8904,112428,77451
Trade,3,31,198783,8904,112428,77451
Translation,3,31,198783,8904,112428,77451
market/marketing,3,31,198783,8904,112428,77451
,3,31,198783,8904,112428,77451
Counsel/consulting,3,31,198783,8904,112428,77451
Hospital/medical/care,3,31,198783,8904,112428,77451
Office administration/logistics,3,31,198783,8904,112428,77451
Sales management,3,31,198783,8904,112428,77451
Customer service and technical support,3,31,198783,8904,112428,77451
Electronics/appliances/semiconductor/instrumentation,3,31,198783,8904,112428,77451
QMS/safety/environmental protection,3,31,198783,8904,112428,77451
Construction/infrastructure/gardening,3,31,198783,8904,112428,77451
Beauty and personal care,3,31,198783,8904,112428,77451
Property management,3,31,198783,8904,112428,77451
Hotels/tourism,3,31,198783,8904,112428,77451
Logistics/warehousing,3,31,198783,8904,112428,77451
Sales,3,31,198783,8904,112428,77451
Security/housekeeping/other,3,31,198783,8904,112428,77451
Restaurants & recreation,3,31,198783,8904,112428,77451
Transportation service,3,31,198783,8904,112428,77451
Production/operation,3,31,198783,8904,112428,77451
Technical work,3,31,198783,8904,112428,77451
Science & Technology,3,31,198783,8904,112428,77451
Senior management,3,31,198783,8904,112428,77451
Engineering/machinery/energy,3,31,198783,8904,112428,77451
,4,32,220178,13183,115148,91848
Advertising,4,32,220178,13183,115148,91848
Art/graphics/Animation design,4,32,220178,13183,115148,91848
Banking,4,32,220178,13183,115148,91848
Beauty and personal care,4,32,220178,13183,115148,91848
Biology/chemicals/pharmaceuticals/medical equipment,4,32,220178,13183,115148,91848
Communications technology,4,32,220178,13183,115148,91848
Computer hardware,4,32,220178,13183,115148,91848
Computer software,4,32,220178,13183,115148,91848
Counsel/consulting,4,32,220178,13183,115148,91848
Customer service and technical support,4,32,220178,13183,115148,91848
Electronics/appliances/semiconductor/instrumentation,4,32,220178,13183,115148,91848
Fashion/textile/furs,4,32,220178,13183,115148,91848
Finance/auditing/tax,4,32,220178,13183,115148,91848
Graduates,4,32,220178,13183,115148,91848
HR,4,32,220178,13183,115148,91848
Hospital/medical/care,4,32,220178,13183,115148,91848
Hotels/tourism,4,32,220178,13183,115148,91848
IT-Management,4,32,220178,13183,115148,91848
"IT-QM, technical support and more",4,32,220178,13183,115148,91848
Insurance,4,32,220178,13183,115148,91848
Internet development and application,4,32,220178,13183,115148,91848
Legal profession/law,4,32,220178,13183,115148,91848
Literature/screenwriting/writing,4,32,220178,13183,115148,91848
"Movies, TV and recreation",4,32,220178,13183,115148,91848
PRs and news media,4,32,220178,13183,115148,91848
Procurement,4,32,220178,13183,115148,91848
Property management,4,32,220178,13183,115148,91848
QMS/safety/environmental protection,4,32,220178,13183,115148,91848
Real property,4,32,220178,13183,115148,91848
Sales management,4,32,220178,13183,115148,91848
Science & Technology,4,32,220178,13183,115148,91848
Securities/finance/investment,4,32,220178,13183,115148,91848
Security/housekeeping/other,4,32,220178,13183,115148,91848
Senior management,4,32,220178,13183,115148,91848
Trade,4,32,220178,13183,115148,91848
General merchandise/chains/retail,4,32,220178,13183,115148,91848
Office administration/logistics,4,32,220178,13183,115148,91848
Construction/infrastructure/gardening,4,32,220178,13183,115148,91848
Production/operation,4,32,220178,13183,115148,91848
Transportation service,4,32,220178,13183,115148,91848
Restaurants & recreation,4,32,220178,13183,115148,91848
Other,4,32,220178,13183,115148,91848
Sales,4,32,220178,13183,115148,91848
Logistics/warehousing,4,32,220178,13183,115148,91848
market/marketing,4,32,220178,13183,115148,91848
Technical work,4,32,220178,13183,115148,91848
Education,4,32,220178,13183,115148,91848
Engineering/machinery/energy,4,32,220178,13183,115148,91848
Advertising,5,33,220178,13183,115148,91848
Art/graphics/Animation design,5,33,220178,13183,115148,91848
Banking,5,33,220178,13183,115148,91848
Communications technology,5,33,220178,13183,115148,91848
Computer hardware,5,33,220178,13183,115148,91848
Computer software,5,33,220178,13183,115148,91848
Construction/infrastructure/gardening,5,33,220178,13183,115148,91848
Customer service and technical support,5,33,220178,13183,115148,91848
Education,5,33,220178,13183,115148,91848
Engineering/machinery/energy,5,33,220178,13183,115148,91848
Finance/auditing/tax,5,33,220178,13183,115148,91848
Graduates,5,33,220178,13183,115148,91848
HR,5,33,220178,13183,115148,91848
Hospital/medical/care,5,33,220178,13183,115148,91848
IT-Management,5,33,220178,13183,115148,91848
"IT-QM, technical support and more",5,33,220178,13183,115148,91848
Insurance,5,33,220178,13183,115148,91848
Internet development and application,5,33,220178,13183,115148,91848
Legal profession/law,5,33,220178,13183,115148,91848
Literature/screenwriting/writing,5,33,220178,13183,115148,91848
"Movies, TV and recreation",5,33,220178,13183,115148,91848
PRs and news media,5,33,220178,13183,115148,91848
Procurement,5,33,220178,13183,115148,91848
Property management,5,33,220178,13183,115148,91848
QMS/safety/environmental protection,5,33,220178,13183,115148,91848
Science & Technology,5,33,220178,13183,115148,91848
Securities/finance/investment,5,33,220178,13183,115148,91848
Senior management,5,33,220178,13183,115148,91848
Trade,5,33,220178,13183,115148,91848
Translation,5,33,220178,13183,115148,91848
General merchandise/chains/retail,5,33,220178,13183,115148,91848
Office administration/logistics,5,33,220178,13183,115148,91848
Real property,5,33,220178,13183,115148,91848
Sales,5,33,220178,13183,115148,91848
,5,33,220178,13183,115148,91848
Beauty and personal care,5,33,220178,13183,115148,91848
Electronics/appliances/semiconductor/instrumentation,5,33,220178,13183,115148,91848
Hotels/tourism,5,33,220178,13183,115148,91848
Fashion/textile/furs,5,33,220178,13183,115148,91848
Production/operation,5,33,220178,13183,115148,91848
Transportation service,5,33,220178,13183,115148,91848
market/marketing,5,33,220178,13183,115148,91848
Security/housekeeping/other,5,33,220178,13183,115148,91848
Restaurants & recreation,5,33,220178,13183,115148,91848
Other,5,33,220178,13183,115148,91848
Logistics/warehousing,5,33,220178,13183,115148,91848
Technical work,5,33,220178,13183,115148,91848
Sales management,5,33,220178,13183,115148,91848
Biology/chemicals/pharmaceuticals/medical equipment,5,33,220178,13183,115148,91848
Biology/chemicals/pharmaceuticals/medical equipment,3,31,198783,8904,112428,77451
Other,3,31,198783,8904,112428,77451
Advertising,6,22,200558.7,13333,104097.2,83128.5
Banking,6,22,200558.7,13333,104097.2,83128.5
Biology/chemicals/pharmaceuticals/medical equipment,6,22,200558.7,13333,104097.2,83128.5
Construction/infrastructure/gardening,6,22,200558.7,13333,104097.2,83128.5
Counsel/consulting,6,22,200558.7,13333,104097.2,83128.5
Customer service and technical support,6,22,200558.7,13333,104097.2,83128.5
Fashion/textile/furs,6,22,200558.7,13333,104097.2,83128.5
General merchandise/chains/retail,6,22,200558.7,13333,104097.2,83128.5
Graduates,6,22,200558.7,13333,104097.2,83128.5
Hotels/tourism,6,22,200558.7,13333,104097.2,83128.5
Insurance,6,22,200558.7,13333,104097.2,83128.5
Literature/screenwriting/writing,6,22,200558.7,13333,104097.2,83128.5
Office administration/logistics,6,22,200558.7,13333,104097.2,83128.5
Procurement,6,22,200558.7,13333,104097.2,83128.5
Production/operation,6,22,200558.7,13333,104097.2,83128.5
Property management,6,22,200558.7,13333,104097.2,83128.5
Real property,6,22,200558.7,13333,104097.2,83128.5
Securities/finance/investment,6,22,200558.7,13333,104097.2,83128.5
Security/housekeeping/other,6,22,200558.7,13333,104097.2,83128.5
Trade,6,22,200558.7,13333,104097.2,83128.5
Restaurants & recreation,6,22,200558.7,13333,104097.2,83128.5
QMS/safety/environmental protection,6,22,200558.7,13333,104097.2,83128.5
Beauty and personal care,6,22,200558.7,13333,104097.2,83128.5
Other,6,22,200558.7,13333,104097.2,83128.5
Transportation service,6,22,200558.7,13333,104097.2,83128.5
Technical work,6,22,200558.7,13333,104097.2,83128.5
,7,23,211595.5,19242.1,107120.5,85233
Advertising,7,23,211595.5,19242.1,107120.5,85233
Art/graphics/Animation design,7,23,211595.5,19242.1,107120.5,85233
Beauty and personal care,7,23,211595.5,19242.1,107120.5,85233
Biology/chemicals/pharmaceuticals/medical equipment,7,23,211595.5,19242.1,107120.5,85233
Computer hardware,7,23,211595.5,19242.1,107120.5,85233
Computer software,7,23,211595.5,19242.1,107120.5,85233
Construction/infrastructure/gardening,7,23,211595.5,19242.1,107120.5,85233
Counsel/consulting,7,23,211595.5,19242.1,107120.5,85233
Electronics/appliances/semiconductor/instrumentation,7,23,211595.5,19242.1,107120.5,85233
Engineering/machinery/energy,7,23,211595.5,19242.1,107120.5,85233
Finance/auditing/tax,7,23,211595.5,19242.1,107120.5,85233
Graduates,7,23,211595.5,19242.1,107120.5,85233
HR,7,23,211595.5,19242.1,107120.5,85233
Hospital/medical/care,7,23,211595.5,19242.1,107120.5,85233
IT-Management,7,23,211595.5,19242.1,107120.5,85233
"IT-QM, technical support and more",7,23,211595.5,19242.1,107120.5,85233
Insurance,7,23,211595.5,19242.1,107120.5,85233
Internet development and application,7,23,211595.5,19242.1,107120.5,85233
Legal profession/law,7,23,211595.5,19242.1,107120.5,85233
Literature/screenwriting/writing,7,23,211595.5,19242.1,107120.5,85233
Logistics/warehousing,7,23,211595.5,19242.1,107120.5,85233
Office administration/logistics,7,23,211595.5,19242.1,107120.5,85233
Procurement,7,23,211595.5,19242.1,107120.5,85233
Production/operation,7,23,211595.5,19242.1,107120.5,85233
Property management,7,23,211595.5,19242.1,107120.5,85233
QMS/safety/environmental protection,7,23,211595.5,19242.1,107120.5,85233
Real property,7,23,211595.5,19242.1,107120.5,85233
Sales,7,23,211595.5,19242.1,107120.5,85233
Sales management,7,23,211595.5,19242.1,107120.5,85233
Securities/finance/investment,7,23,211595.5,19242.1,107120.5,85233
Security/housekeeping/other,7,23,211595.5,19242.1,107120.5,85233
Senior management,7,23,211595.5,19242.1,107120.5,85233
Trade,7,23,211595.5,19242.1,107120.5,85233
General merchandise/chains/retail,7,23,211595.5,19242.1,107120.5,85233
Other,7,23,211595.5,19242.1,107120.5,85233
market/marketing,7,23,211595.5,19242.1,107120.5,85233
Hotels/tourism,7,23,211595.5,19242.1,107120.5,85233
Customer service and technical support,7,23,211595.5,19242.1,107120.5,85233
Transportation service,7,23,211595.5,19242.1,107120.5,85233
Technical work,7,23,211595.5,19242.1,107120.5,85233
Restaurants & recreation,7,23,211595.5,19242.1,107120.5,85233
Education,7,23,211595.5,19242.1,107120.5,85233
,8,24,211595.5,19242.1,107120.5,85233
Advertising,8,24,211595.5,19242.1,107120.5,85233
Art/graphics/Animation design,8,24,211595.5,19242.1,107120.5,85233
Banking,8,24,211595.5,19242.1,107120.5,85233
Communications technology,8,24,211595.5,19242.1,107120.5,85233
Computer hardware,8,24,211595.5,19242.1,107120.5,85233
Computer software,8,24,211595.5,19242.1,107120.5,85233
Construction/infrastructure/gardening,8,24,211595.5,19242.1,107120.5,85233
Counsel/consulting,8,24,211595.5,19242.1,107120.5,85233
Customer service and technical support,8,24,211595.5,19242.1,107120.5,85233
Education,8,24,211595.5,19242.1,107120.5,85233
Electronics/appliances/semiconductor/instrumentation,8,24,211595.5,19242.1,107120.5,85233
Engineering/machinery/energy,8,24,211595.5,19242.1,107120.5,85233
Graduates,8,24,211595.5,19242.1,107120.5,85233
HR,8,24,211595.5,19242.1,107120.5,85233
Hospital/medical/care,8,24,211595.5,19242.1,107120.5,85233
IT-Management,8,24,211595.5,19242.1,107120.5,85233
"IT-QM, technical support and more",8,24,211595.5,19242.1,107120.5,85233
Insurance,8,24,211595.5,19242.1,107120.5,85233
Internet development and application,8,24,211595.5,19242.1,107120.5,85233
Legal profession/law,8,24,211595.5,19242.1,107120.5,85233
Literature/screenwriting/writing,8,24,211595.5,19242.1,107120.5,85233
"Movies, TV and recreation",8,24,211595.5,19242.1,107120.5,85233
Procurement,8,24,211595.5,19242.1,107120.5,85233
Sales management,8,24,211595.5,19242.1,107120.5,85233
Securities/finance/investment,8,24,211595.5,19242.1,107120.5,85233
Security/housekeeping/other,8,24,211595.5,19242.1,107120.5,85233
Senior management,8,24,211595.5,19242.1,107120.5,85233
Trade,8,24,211595.5,19242.1,107120.5,85233
Beauty and personal care,8,24,211595.5,19242.1,107120.5,85233
Hotels/tourism,8,24,211595.5,19242.1,107120.5,85233
Office administration/logistics,8,24,211595.5,19242.1,107120.5,85233
Finance/auditing/tax,8,24,211595.5,19242.1,107120.5,85233
Property management,8,24,211595.5,19242.1,107120.5,85233
Real property,8,24,211595.5,19242.1,107120.5,85233
Sales,8,24,211595.5,19242.1,107120.5,85233
market/marketing,8,24,211595.5,19242.1,107120.5,85233
QMS/safety/environmental protection,8,24,211595.5,19242.1,107120.5,85233
Production/operation,8,24,211595.5,19242.1,107120.5,85233
Restaurants & recreation,8,24,211595.5,19242.1,107120.5,85233
Other,8,24,211595.5,19242.1,107120.5,85233
General merchandise/chains/retail,8,24,211595.5,19242.1,107120.5,85233
Transportation service,8,24,211595.5,19242.1,107120.5,85233
Logistics/warehousing,8,24,211595.5,19242.1,107120.5,85233
Technical work,8,24,211595.5,19242.1,107120.5,85233
Biology/chemicals/pharmaceuticals/medical equipment,8,24,211595.5,19242.1,107120.5,85233
,6,34,220178,13183,115148,91848
Advertising,6,34,220178,13183,115148,91848
Art/graphics/Animation design,6,34,220178,13183,115148,91848
Banking,6,34,220178,13183,115148,91848
Communications technology,6,34,220178,13183,115148,91848
Computer hardware,6,34,220178,13183,115148,91848
Computer software,6,34,220178,13183,115148,91848
Construction/infrastructure/gardening,6,34,220178,13183,115148,91848
Counsel/consulting,6,34,220178,13183,115148,91848
Education,6,34,220178,13183,115148,91848
Engineering/machinery/energy,6,34,220178,13183,115148,91848
Fashion/textile/furs,6,34,220178,13183,115148,91848
Finance/auditing/tax,6,34,220178,13183,115148,91848
Graduates,6,34,220178,13183,115148,91848
HR,6,34,220178,13183,115148,91848
Hospital/medical/care,6,34,220178,13183,115148,91848
Hotels/tourism,6,34,220178,13183,115148,91848
IT-Management,6,34,220178,13183,115148,91848
"IT-QM, technical support and more",6,34,220178,13183,115148,91848
Insurance,6,34,220178,13183,115148,91848
Internet development and application,6,34,220178,13183,115148,91848
Legal profession/law,6,34,220178,13183,115148,91848
Literature/screenwriting/writing,6,34,220178,13183,115148,91848
"Movies, TV and recreation",6,34,220178,13183,115148,91848
Office administration/logistics,6,34,220178,13183,115148,91848
PRs and news media,6,34,220178,13183,115148,91848
Procurement,6,34,220178,13183,115148,91848
QMS/safety/environmental protection,6,34,220178,13183,115148,91848
Real property,6,34,220178,13183,115148,91848
Sales management,6,34,220178,13183,115148,91848
Science & Technology,6,34,220178,13183,115148,91848
Securities/finance/investment,6,34,220178,13183,115148,91848
Senior management,6,34,220178,13183,115148,91848
Trade,6,34,220178,13183,115148,91848
Translation,6,34,220178,13183,115148,91848
Customer service and technical support,6,34,220178,13183,115148,91848
Transportation service,6,34,220178,13183,115148,91848
Electronics/appliances/semiconductor/instrumentation,6,34,220178,13183,115148,91848
Sales,6,34,220178,13183,115148,91848
Production/operation,6,34,220178,13183,115148,91848
Beauty and personal care,6,34,220178,13183,115148,91848
Security/housekeeping/other,6,34,220178,13183,115148,91848
Other,6,34,220178,13183,115148,91848
Property management,6,34,220178,13183,115148,91848
General merchandise/chains/retail,6,34,220178,13183,115148,91848
Logistics/warehousing,6,34,220178,13183,115148,91848
Technical work,6,34,220178,13183,115148,91848
Restaurants & recreation,6,34,220178,13183,115148,91848
market/marketing,6,34,220178,13183,115148,91848
Biology/chemicals/pharmaceuticals/medical equipment,6,34,220178,13183,115148,91848
,7,35,231938,20086,118197,93654
Advertising,7,35,231938,20086,118197,93654
Art/graphics/Animation design,7,35,231938,20086,118197,93654
Banking,7,35,231938,20086,118197,93654
Communications technology,7,35,231938,20086,118197,93654
Computer hardware,7,35,231938,20086,118197,93654
Construction/infrastructure/gardening,7,35,231938,20086,118197,93654
Counsel/consulting,7,35,231938,20086,118197,93654
Engineering/machinery/energy,7,35,231938,20086,118197,93654
Fashion/textile/furs,7,35,231938,20086,118197,93654
Finance/auditing/tax,7,35,231938,20086,118197,93654
HR,7,35,231938,20086,118197,93654
Hospital/medical/care,7,35,231938,20086,118197,93654
IT-Management,7,35,231938,20086,118197,93654
"IT-QM, technical support and more",7,35,231938,20086,118197,93654
Insurance,7,35,231938,20086,118197,93654
Internet development and application,7,35,231938,20086,118197,93654
Legal profession/law,7,35,231938,20086,118197,93654
Literature/screenwriting/writing,7,35,231938,20086,118197,93654
"Movies, TV and recreation",7,35,231938,20086,118197,93654
PRs and news media,7,35,231938,20086,118197,93654
Procurement,7,35,231938,20086,118197,93654
Property management,7,35,231938,20086,118197,93654
Real property,7,35,231938,20086,118197,93654
Sales management,7,35,231938,20086,118197,93654
Securities/finance/investment,7,35,231938,20086,118197,93654
Security/housekeeping/other,7,35,231938,20086,118197,93654
Trade,7,35,231938,20086,118197,93654
General merchandise/chains/retail,7,35,231938,20086,118197,93654
Production/operation,7,35,231938,20086,118197,93654
QMS/safety/environmental protection,7,35,231938,20086,118197,93654
Sales,7,35,231938,20086,118197,93654
Beauty and personal care,7,35,231938,20086,118197,93654
Electronics/appliances/semiconductor/instrumentation,7,35,231938,20086,118197,93654
Customer service and technical support,7,35,231938,20086,118197,93654
Other,7,35,231938,20086,118197,93654
Restaurants & recreation,7,35,231938,20086,118197,93654
Transportation service,7,35,231938,20086,118197,93654
Hotels/tourism,7,35,231938,20086,118197,93654
Technical work,7,35,231938,20086,118197,93654
Logistics/warehousing,7,35,231938,20086,118197,93654
Science & Technology,7,35,231938,20086,118197,93654
Senior management,7,35,231938,20086,118197,93654
market/marketing,7,35,231938,20086,118197,93654
Office administration/logistics,7,35,231938,20086,118197,93654
Computer software,7,35,231938,20086,118197,93654
Biology/chemicals/pharmaceuticals/medical equipment,7,35,231938,20086,118197,93654
,8,36,231938,20086,118197,93654
Advertising,8,36,231938,20086,118197,93654
Art/graphics/Animation design,8,36,231938,20086,118197,93654
Banking,8,36,231938,20086,118197,93654
Beauty and personal care,8,36,231938,20086,118197,93654
Communications technology,8,36,231938,20086,118197,93654
Computer hardware,8,36,231938,20086,118197,93654
Computer software,8,36,231938,20086,118197,93654
Construction/infrastructure/gardening,8,36,231938,20086,118197,93654
Counsel/consulting,8,36,231938,20086,118197,93654
Customer service and technical support,8,36,231938,20086,118197,93654
Education,8,36,231938,20086,118197,93654
Electronics/appliances/semiconductor/instrumentation,8,36,231938,20086,118197,93654
Fashion/textile/furs,8,36,231938,20086,118197,93654
Finance/auditing/tax,8,36,231938,20086,118197,93654
Graduates,8,36,231938,20086,118197,93654
HR,8,36,231938,20086,118197,93654
Hospital/medical/care,8,36,231938,20086,118197,93654
Hotels/tourism,8,36,231938,20086,118197,93654
IT-Management,8,36,231938,20086,118197,93654
"IT-QM, technical support and more",8,36,231938,20086,118197,93654
Insurance,8,36,231938,20086,118197,93654
Internet development and application,8,36,231938,20086,118197,93654
Legal profession/law,8,36,231938,20086,118197,93654
Literature/screenwriting/writing,8,36,231938,20086,118197,93654
"Movies, TV and recreation",8,36,231938,20086,118197,93654
Office administration/logistics,8,36,231938,20086,118197,93654
PRs and news media,8,36,231938,20086,118197,93654
Procurement,8,36,231938,20086,118197,93654
Property management,8,36,231938,20086,118197,93654
Real property,8,36,231938,20086,118197,93654
Science & Technology,8,36,231938,20086,118197,93654
Securities/finance/investment,8,36,231938,20086,118197,93654
Senior management,8,36,231938,20086,118197,93654
Engineering/machinery/energy,8,36,231938,20086,118197,93654
Sales management,8,36,231938,20086,118197,93654
Security/housekeeping/other,8,36,231938,20086,118197,93654
Trade,8,36,231938,20086,118197,93654
QMS/safety/environmental protection,8,36,231938,20086,118197,93654
Sales,8,36,231938,20086,118197,93654
market/marketing,8,36,231938,20086,118197,93654
Other,8,36,231938,20086,118197,93654
Production/operation,8,36,231938,20086,118197,93654
Transportation service,8,36,231938,20086,118197,93654
Restaurants & recreation,8,36,231938,20086,118197,93654
Logistics/warehousing,8,36,231938,20086,118197,93654
Technical work,8,36,231938,20086,118197,93654
General merchandise/chains/retail,8,36,231938,20086,118197,93654
Biology/chemicals/pharmaceuticals/medical equipment,8,36,231938,20086,118197,93654
Education,7,35,231938,20086,118197,93654
Graduates,7,35,231938,20086,118197,93654
,12,28,234582.2,24238.5,114166.9,96176.7
Advertising,12,28,234582.2,24238.5,114166.9,96176.7
Art/graphics/Animation design,12,28,234582.2,24238.5,114166.9,96176.7
Banking,12,28,234582.2,24238.5,114166.9,96176.7
Beauty and personal care,12,28,234582.2,24238.5,114166.9,96176.7
Computer hardware,12,28,234582.2,24238.5,114166.9,96176.7
Computer software,12,28,234582.2,24238.5,114166.9,96176.7
Construction/infrastructure/gardening,12,28,234582.2,24238.5,114166.9,96176.7
Counsel/consulting,12,28,234582.2,24238.5,114166.9,96176.7
Customer service and technical support,12,28,234582.2,24238.5,114166.9,96176.7
Education,12,28,234582.2,24238.5,114166.9,96176.7
Electronics/appliances/semiconductor/instrumentation,12,28,234582.2,24238.5,114166.9,96176.7
Engineering/machinery/energy,12,28,234582.2,24238.5,114166.9,96176.7
Finance/auditing/tax,12,28,234582.2,24238.5,114166.9,96176.7
Graduates,12,28,234582.2,24238.5,114166.9,96176.7
HR,12,28,234582.2,24238.5,114166.9,96176.7
Hospital/medical/care,12,28,234582.2,24238.5,114166.9,96176.7
Hotels/tourism,12,28,234582.2,24238.5,114166.9,96176.7
IT-Management,12,28,234582.2,24238.5,114166.9,96176.7
"IT-QM, technical support and more",12,28,234582.2,24238.5,114166.9,96176.7
Insurance,12,28,234582.2,24238.5,114166.9,96176.7
Internet development and application,12,28,234582.2,24238.5,114166.9,96176.7
Legal profession/law,12,28,234582.2,24238.5,114166.9,96176.7
Literature/screenwriting/writing,12,28,234582.2,24238.5,114166.9,96176.7
Logistics/warehousing,12,28,234582.2,24238.5,114166.9,96176.7
Office administration/logistics,12,28,234582.2,24238.5,114166.9,96176.7
PRs and news media,12,28,234582.2,24238.5,114166.9,96176.7
Procurement,12,28,234582.2,24238.5,114166.9,96176.7
Property management,12,28,234582.2,24238.5,114166.9,96176.7
QMS/safety/environmental protection,12,28,234582.2,24238.5,114166.9,96176.7
Real property,12,28,234582.2,24238.5,114166.9,96176.7
Sales management,12,28,234582.2,24238.5,114166.9,96176.7
Science & Technology,12,28,234582.2,24238.5,114166.9,96176.7
Securities/finance/investment,12,28,234582.2,24238.5,114166.9,96176.7
Security/housekeeping/other,12,28,234582.2,24238.5,114166.9,96176.7
Senior management,12,28,234582.2,24238.5,114166.9,96176.7
Trade,12,28,234582.2,24238.5,114166.9,96176.7
Translation,12,28,234582.2,24238.5,114166.9,96176.7
market/marketing,12,28,234582.2,24238.5,114166.9,96176.7
Production/operation,12,28,234582.2,24238.5,114166.9,96176.7
Transportation service,12,28,234582.2,24238.5,114166.9,96176.7
Sales,12,28,234582.2,24238.5,114166.9,96176.7
Restaurants & recreation,12,28,234582.2,24238.5,114166.9,96176.7
General merchandise/chains/retail,12,28,234582.2,24238.5,114166.9,96176.7
Other,12,28,234582.2,24238.5,114166.9,96176.7
Technical work,12,28,234582.2,24238.5,114166.9,96176.7
Biology/chemicals/pharmaceuticals/medical equipment,12,28,234582.2,24238.5,114166.9,96176.7
,1,29,198783,8904,112428,77451
Art/graphics/Animation design,1,29,198783,8904,112428,77451
Banking,1,29,198783,8904,112428,77451
Biology/chemicals/pharmaceuticals/medical equipment,1,29,198783,8904,112428,77451
Computer software,1,29,198783,8904,112428,77451
Construction/infrastructure/gardening,1,29,198783,8904,112428,77451
Customer service and technical support,1,29,198783,8904,112428,77451
Education,1,29,198783,8904,112428,77451
Electronics/appliances/semiconductor/instrumentation,1,29,198783,8904,112428,77451
Engineering/machinery/energy,1,29,198783,8904,112428,77451
Finance/auditing/tax,1,29,198783,8904,112428,77451
Graduates,1,29,198783,8904,112428,77451
HR,1,29,198783,8904,112428,77451
Hospital/medical/care,1,29,198783,8904,112428,77451
Hotels/tourism,1,29,198783,8904,112428,77451
Internet development and application,1,29,198783,8904,112428,77451
Logistics/warehousing,1,29,198783,8904,112428,77451
Office administration/logistics,1,29,198783,8904,112428,77451
PRs and news media,1,29,198783,8904,112428,77451
Procurement,1,29,198783,8904,112428,77451
Property management,1,29,198783,8904,112428,77451
QMS/safety/environmental protection,1,29,198783,8904,112428,77451
Real property,1,29,198783,8904,112428,77451
Restaurants & recreation,1,29,198783,8904,112428,77451
Sales,1,29,198783,8904,112428,77451
Sales management,1,29,198783,8904,112428,77451
Securities/finance/investment,1,29,198783,8904,112428,77451
Senior management,1,29,198783,8904,112428,77451
Trade,1,29,198783,8904,112428,77451
Translation,1,29,198783,8904,112428,77451
market/marketing,1,29,198783,8904,112428,77451
Security/housekeeping/other,1,29,198783,8904,112428,77451
Production/operation,1,29,198783,8904,112428,77451
General merchandise/chains/retail,1,29,198783,8904,112428,77451
Technical work,1,29,198783,8904,112428,77451
Other,1,29,198783,8904,112428,77451
Transportation service,1,29,198783,8904,112428,77451
Science & Technology,1,29,198783,8904,112428,77451
,2,30,198783,8904,112428,77451
Advertising,2,30,198783,8904,112428,77451
Art/graphics/Animation design,2,30,198783,8904,112428,77451
Banking,2,30,198783,8904,112428,77451
Beauty and personal care,2,30,198783,8904,112428,77451
Communications technology,2,30,198783,8904,112428,77451
Computer software,2,30,198783,8904,112428,77451
Construction/infrastructure/gardening,2,30,198783,8904,112428,77451
Electronics/appliances/semiconductor/instrumentation,2,30,198783,8904,112428,77451
Engineering/machinery/energy,2,30,198783,8904,112428,77451
Finance/auditing/tax,2,30,198783,8904,112428,77451
Graduates,2,30,198783,8904,112428,77451
HR,2,30,198783,8904,112428,77451
IT-Management,2,30,198783,8904,112428,77451
"IT-QM, technical support and more",2,30,198783,8904,112428,77451
Insurance,2,30,198783,8904,112428,77451
Internet development and application,2,30,198783,8904,112428,77451
Legal profession/law,2,30,198783,8904,112428,77451
Literature/screenwriting/writing,2,30,198783,8904,112428,77451
"Movies, TV and recreation",2,30,198783,8904,112428,77451
Office administration/logistics,2,30,198783,8904,112428,77451
PRs and news media,2,30,198783,8904,112428,77451
Procurement,2,30,198783,8904,112428,77451
Property management,2,30,198783,8904,112428,77451
QMS/safety/environmental protection,2,30,198783,8904,112428,77451
Real property,2,30,198783,8904,112428,77451
Sales,2,30,198783,8904,112428,77451
Science & Technology,2,30,198783,8904,112428,77451
Securities/finance/investment,2,30,198783,8904,112428,77451
Senior management,2,30,198783,8904,112428,77451
Trade,2,30,198783,8904,112428,77451
Counsel/consulting,2,30,198783,8904,112428,77451
Hospital/medical/care,2,30,198783,8904,112428,77451
Hotels/tourism,2,30,198783,8904,112428,77451
Restaurants & recreation,2,30,198783,8904,112428,77451
Sales management,2,30,198783,8904,112428,77451
market/marketing,2,30,198783,8904,112428,77451
General merchandise/chains/retail,2,30,198783,8904,112428,77451
Customer service and technical support,2,30,198783,8904,112428,77451
Security/housekeeping/other,2,30,198783,8904,112428,77451
Logistics/warehousing,2,30,198783,8904,112428,77451
Transportation service,2,30,198783,8904,112428,77451
Production/operation,2,30,198783,8904,112428,77451
Technical work,2,30,198783,8904,112428,77451
Biology/chemicals/pharmaceuticals/medical equipment,2,30,198783,8904,112428,77451
Education,2,30,198783,8904,112428,77451
Other,2,30,198783,8904,112428,77451
Counsel/consulting,5,33,220178,13183,115148,91848
